{"last_tab":"","logo":{"url":"http:\/\/www.uxqode.com\/themes\/dikka\/corporate\/wp-content\/uploads\/sites\/2\/2014\/11\/logo-dark2.png","id":"748","height":"27","width":"83","thumbnail":"http:\/\/www.uxqode.com\/themes\/dikka\/corporate\/wp-content\/uploads\/sites\/2\/2014\/11\/logo-dark2.png"},"retinalogo":{"url":"http:\/\/www.uxqode.com\/themes\/dikka\/corporate\/wp-content\/uploads\/sites\/2\/2014\/12\/logo-retina.png","id":"1547","height":"54","width":"166","thumbnail":"http:\/\/www.uxqode.com\/themes\/dikka\/corporate\/wp-content\/uploads\/sites\/2\/2014\/12\/logo-retina-150x54.png"},"blog_title":"0","preloader":"0","preloader-type":"","preloader-logo":{"url":"","id":"","height":"","width":"","thumbnail":""},"preloader-retinalogo":{"url":"","id":"","height":"","width":"","thumbnail":""},"preloader-image":"0","preloader-title":"0","favicon":{"url":"http:\/\/www.uxqode.com\/themes\/dikka\/corporate\/wp-content\/uploads\/sites\/2\/2014\/12\/favicon.png","id":"1559","height":"16","width":"16","thumbnail":"http:\/\/www.uxqode.com\/themes\/dikka\/corporate\/wp-content\/uploads\/sites\/2\/2014\/12\/favicon.png"},"article_author":"1","article_related":"1","menu-style":"slight","search":"1","cart":"1","topbar":"1","topbar-socialicons":"1","topbar-email":"info@uxqode.com","topbar-phone":"(+43) 462 855 103","topbar-text":"Simple text here if you want.","topbar-background":"#212121","topbar-background-opacity":"98","topbar-textcolor":"#f7f7f7","footer-logo":{"url":"http:\/\/www.uxqode.com\/themes\/dikka\/corporate\/wp-content\/uploads\/sites\/2\/2014\/11\/logo-dark5.png","id":"748","height":"27","width":"83","thumbnail":"http:\/\/www.uxqode.com\/themes\/dikka\/corporate\/wp-content\/uploads\/sites\/2\/2014\/11\/logo-dark5.png"},"footer-retinalogo":{"url":"http:\/\/www.uxqode.com\/themes\/dikka\/corporate\/wp-content\/uploads\/sites\/2\/2014\/11\/logo-retina-footer2.png","id":"1281","height":"54","width":"166","thumbnail":"http:\/\/www.uxqode.com\/themes\/dikka\/corporate\/wp-content\/uploads\/sites\/2\/2014\/11\/logo-retina-footer2-150x54.png"},"footer-email":"","footer-phone":"","footer_text":"\u00a9 <a href=\"http:\/\/themeforest.net\/user\/UX-Qode\">UX-Qode<\/a>\u00a02014 | All Rights Reserved","footer-social":"1","footer-style2":"1","footer-layout":"10","footer-on":"0","secondfooter-on":"1","css_style":"red","custom_color":"","background":{"background-color":"","background-repeat":"","background-size":"","background-attachment":"","background-position":"","background-image":"","media":{"id":"","height":"","width":"","thumbnail":""}},"background-footer":{"background-color":"#222222","background-repeat":"","background-size":"","background-attachment":"","background-position":"","background-image":"","media":{"id":"","height":"","width":"","thumbnail":""}},"link-color":{"regular":"#aaa","hover":"#bbb","active":"#ccc"},"typography-body":{"font-family":"Open Sans","font-options":"","google":"1","font-weight":"400","font-style":"","subsets":"latin-ext","text-align":"left","font-size":"14px","line-height":"25px","color":"#676767"},"typography-menu":{"font-family":"Open Sans","font-options":"","google":"1","font-weight":"400","font-style":"","subsets":"latin-ext","text-align":"","font-size":"14px","line-height":"13px","color":"#5b5b5b"},"typography-h1":{"font-family":"Open Sans","font-options":"","google":"1","font-weight":"700","font-style":"","subsets":"latin-ext","text-align":"","font-size":"32px","line-height":"32px","color":"#383838"},"typography-h2":{"font-family":"Open Sans","font-options":"","google":"1","font-weight":"800","font-style":"","subsets":"latin-ext","text-align":"","font-size":"30px","line-height":"45px","color":"#383838"},"typography-h3":{"font-family":"Open Sans","font-options":"","google":"1","font-weight":"700","font-style":"","subsets":"latin-ext","text-align":"left","font-size":"25px","line-height":"40px","color":"#444444"},"typography-h4":{"font-family":"Open Sans","font-options":"","google":"1","font-weight":"600","font-style":"","subsets":"latin-ext","text-align":"left","font-size":"18px","line-height":"30px","color":"#444444"},"typography-h5":{"font-family":"Open Sans","font-options":"","google":"1","font-weight":"300","font-style":"","subsets":"latin-ext","text-align":"","font-size":"16px","line-height":"16px","color":""},"typography-h6":{"font-family":"Open Sans","font-options":"","google":"1","font-weight":"300","font-style":"","subsets":"latin-ext","text-align":"","font-size":"15px","line-height":"15px","color":""},"ptitle-typo":{"font-family":"Open Sans","font-options":"","google":"1","font-weight":"400","font-style":"","subsets":"latin-ext","text-align":"","font-size":"18px","line-height":"30px","color":"#e45d5d"},"ptitle-align":"left","ptitle-line":"0","ptitle-topmargin":"40","ptitle-bottommargin":"0","ptitle-back":{"background-color":"#f2f2f2","background-repeat":"","background-size":"","background-attachment":"","background-position":"","background-image":"","media":{"id":"","height":"","width":"","thumbnail":""}},"ptitle-parallax":"0","social_facebook":"http:\/\/facebook.com","social_twitter":"http:\/\/facebook.com","social_googlep":"http:\/\/facebook.com","social_linkedin":"http:\/\/facebook.com","social_pinterest":"http:\/\/facebook.com","social_skype":"","social_dribbble":"","social_tumblr":"","social_youtube":"","social_vimeo":"","twitter_username":"uxqode","twitter_consumer_key":"Wo2lugdq7s39skM1WIvgFA","twitter_secret_key":"FBk9nj4ljZHjQYIbv4TZ0I61OJrnqqm1r4KvysqxQ","twitter_token":"360701073-1yVHoo0Q6kz96lOvdvSKgIJLXGYOhlRJywGzuBz8","twitter_token_secret":"qKcZApXUuiq7UwqGxEgOHQluEuslkuto61IQIQv7k","twitter_number":"5","meta_javascript":"","meta_head":"","meta_author":"","meta_desc":"","meta_keyword":"","extra-css":"                        .navbar .nav li a{\r\n    text-transform: Capitalize;    \r\n}\r\n.hi-icon{\r\n    margin-bottom:15px;\r\n}\r\n.b-text p{\r\n    font-size: 0.9em;\r\n    margin: 0px 3px;\r\n}                    ","redux-backup":"1"}