[{"created_at":"Tue Sep 30 11:39:26 +0000 2014","id":516915216240476160,"id_str":"516915216240476160","text":"Check out this great #themeforest item 'Elano - Multi-Purpose Business &amp; Ecommerce Wordpress Theme' http:\/\/t.co\/AXGz6kC2nf","source":"\u003ca href=\"https:\/\/dev.twitter.com\/docs\/tfw\" rel=\"nofollow\"\u003eTwitter for Websites\u003c\/a\u003e","truncated":false,"in_reply_to_status_id":null,"in_reply_to_status_id_str":null,"in_reply_to_user_id":null,"in_reply_to_user_id_str":null,"in_reply_to_screen_name":null,"user":{"id":2573256775,"id_str":"2573256775","name":"UX-Qode","screen_name":"UXQode","location":"","profile_location":null,"description":"Creative Nerd that does professional and handcrafted templates.","url":"http:\/\/t.co\/riEl6VBCDW","entities":{"url":{"urls":[{"url":"http:\/\/t.co\/riEl6VBCDW","expanded_url":"http:\/\/themeforest.net\/user\/UX-Qode","display_url":"themeforest.net\/user\/UX-Qode","indices":[0,22]}]},"description":{"urls":[]}},"protected":false,"followers_count":8,"friends_count":6,"listed_count":0,"created_at":"Tue Jun 17 17:00:51 +0000 2014","favourites_count":0,"utc_offset":3600,"time_zone":"Amsterdam","geo_enabled":false,"verified":false,"statuses_count":5,"lang":"en-gb","contributors_enabled":false,"is_translator":false,"is_translation_enabled":false,"profile_background_color":"C0DEED","profile_background_image_url":"http:\/\/abs.twimg.com\/images\/themes\/theme1\/bg.png","profile_background_image_url_https":"https:\/\/abs.twimg.com\/images\/themes\/theme1\/bg.png","profile_background_tile":false,"profile_image_url":"http:\/\/pbs.twimg.com\/profile_images\/478949467597455360\/DRtT2R3k_normal.png","profile_image_url_https":"https:\/\/pbs.twimg.com\/profile_images\/478949467597455360\/DRtT2R3k_normal.png","profile_banner_url":"https:\/\/pbs.twimg.com\/profile_banners\/2573256775\/1403025168","profile_link_color":"0084B4","profile_sidebar_border_color":"C0DEED","profile_sidebar_fill_color":"DDEEF6","profile_text_color":"333333","profile_use_background_image":true,"default_profile":true,"default_profile_image":false,"following":false,"follow_request_sent":false,"notifications":false},"geo":null,"coordinates":null,"place":null,"contributors":null,"retweet_count":0,"favorite_count":0,"entities":{"hashtags":[{"text":"themeforest","indices":[21,33]}],"symbols":[],"user_mentions":[],"urls":[{"url":"http:\/\/t.co\/AXGz6kC2nf","expanded_url":"http:\/\/themeforest.net\/item\/elano-multipurpose-business-ecommerce-wordpress-theme\/8773615","display_url":"themeforest.net\/item\/elano-mul\u2026","indices":[104,126]}]},"favorited":false,"retweeted":false,"possibly_sensitive":false,"lang":"en"},{"created_at":"Sat Aug 30 15:14:31 +0000 2014","id":505735320261103616,"id_str":"505735320261103616","text":"Elano wordpress is almost done! stay tuned! ;)","source":"\u003ca href=\"http:\/\/twitter.com\" rel=\"nofollow\"\u003eTwitter Web Client\u003c\/a\u003e","truncated":false,"in_reply_to_status_id":null,"in_reply_to_status_id_str":null,"in_reply_to_user_id":null,"in_reply_to_user_id_str":null,"in_reply_to_screen_name":null,"user":{"id":2573256775,"id_str":"2573256775","name":"UX-Qode","screen_name":"UXQode","location":"","profile_location":null,"description":"Creative Nerd that does professional and handcrafted templates.","url":"http:\/\/t.co\/riEl6VBCDW","entities":{"url":{"urls":[{"url":"http:\/\/t.co\/riEl6VBCDW","expanded_url":"http:\/\/themeforest.net\/user\/UX-Qode","display_url":"themeforest.net\/user\/UX-Qode","indices":[0,22]}]},"description":{"urls":[]}},"protected":false,"followers_count":8,"friends_count":6,"listed_count":0,"created_at":"Tue Jun 17 17:00:51 +0000 2014","favourites_count":0,"utc_offset":3600,"time_zone":"Amsterdam","geo_enabled":false,"verified":false,"statuses_count":5,"lang":"en-gb","contributors_enabled":false,"is_translator":false,"is_translation_enabled":false,"profile_background_color":"C0DEED","profile_background_image_url":"http:\/\/abs.twimg.com\/images\/themes\/theme1\/bg.png","profile_background_image_url_https":"https:\/\/abs.twimg.com\/images\/themes\/theme1\/bg.png","profile_background_tile":false,"profile_image_url":"http:\/\/pbs.twimg.com\/profile_images\/478949467597455360\/DRtT2R3k_normal.png","profile_image_url_https":"https:\/\/pbs.twimg.com\/profile_images\/478949467597455360\/DRtT2R3k_normal.png","profile_banner_url":"https:\/\/pbs.twimg.com\/profile_banners\/2573256775\/1403025168","profile_link_color":"0084B4","profile_sidebar_border_color":"C0DEED","profile_sidebar_fill_color":"DDEEF6","profile_text_color":"333333","profile_use_background_image":true,"default_profile":true,"default_profile_image":false,"following":false,"follow_request_sent":false,"notifications":false},"geo":null,"coordinates":null,"place":null,"contributors":null,"retweet_count":0,"favorite_count":0,"entities":{"hashtags":[],"symbols":[],"user_mentions":[],"urls":[]},"favorited":false,"retweeted":false,"lang":"en"},{"created_at":"Tue Jul 08 13:45:24 +0000 2014","id":486506339619717120,"id_str":"486506339619717120","text":"Check out this great #themeforest item 'Elano - Sharp Multi-Purpose Responsive Template' http:\/\/t.co\/Qk3d7cICRT","source":"\u003ca href=\"https:\/\/dev.twitter.com\/docs\/tfw\" rel=\"nofollow\"\u003eTwitter for Websites\u003c\/a\u003e","truncated":false,"in_reply_to_status_id":null,"in_reply_to_status_id_str":null,"in_reply_to_user_id":null,"in_reply_to_user_id_str":null,"in_reply_to_screen_name":null,"user":{"id":2573256775,"id_str":"2573256775","name":"UX-Qode","screen_name":"UXQode","location":"","profile_location":null,"description":"Creative Nerd that does professional and handcrafted templates.","url":"http:\/\/t.co\/riEl6VBCDW","entities":{"url":{"urls":[{"url":"http:\/\/t.co\/riEl6VBCDW","expanded_url":"http:\/\/themeforest.net\/user\/UX-Qode","display_url":"themeforest.net\/user\/UX-Qode","indices":[0,22]}]},"description":{"urls":[]}},"protected":false,"followers_count":8,"friends_count":6,"listed_count":0,"created_at":"Tue Jun 17 17:00:51 +0000 2014","favourites_count":0,"utc_offset":3600,"time_zone":"Amsterdam","geo_enabled":false,"verified":false,"statuses_count":5,"lang":"en-gb","contributors_enabled":false,"is_translator":false,"is_translation_enabled":false,"profile_background_color":"C0DEED","profile_background_image_url":"http:\/\/abs.twimg.com\/images\/themes\/theme1\/bg.png","profile_background_image_url_https":"https:\/\/abs.twimg.com\/images\/themes\/theme1\/bg.png","profile_background_tile":false,"profile_image_url":"http:\/\/pbs.twimg.com\/profile_images\/478949467597455360\/DRtT2R3k_normal.png","profile_image_url_https":"https:\/\/pbs.twimg.com\/profile_images\/478949467597455360\/DRtT2R3k_normal.png","profile_banner_url":"https:\/\/pbs.twimg.com\/profile_banners\/2573256775\/1403025168","profile_link_color":"0084B4","profile_sidebar_border_color":"C0DEED","profile_sidebar_fill_color":"DDEEF6","profile_text_color":"333333","profile_use_background_image":true,"default_profile":true,"default_profile_image":false,"following":false,"follow_request_sent":false,"notifications":false},"geo":null,"coordinates":null,"place":null,"contributors":null,"retweet_count":0,"favorite_count":0,"entities":{"hashtags":[{"text":"themeforest","indices":[21,33]}],"symbols":[],"user_mentions":[],"urls":[{"url":"http:\/\/t.co\/Qk3d7cICRT","expanded_url":"http:\/\/themeforest.net\/item\/elano-sharp-multipurpose-responsive-template\/8086742","display_url":"themeforest.net\/item\/elano-sha\u2026","indices":[89,111]}]},"favorited":false,"retweeted":false,"possibly_sensitive":false,"lang":"en"},{"created_at":"Wed Jun 18 15:45:51 +0000 2014","id":479288894295670784,"id_str":"479288894295670784","text":"My first template is almost out! Stay tuned! ;)","source":"\u003ca href=\"http:\/\/twitter.com\" rel=\"nofollow\"\u003eTwitter Web Client\u003c\/a\u003e","truncated":false,"in_reply_to_status_id":null,"in_reply_to_status_id_str":null,"in_reply_to_user_id":null,"in_reply_to_user_id_str":null,"in_reply_to_screen_name":null,"user":{"id":2573256775,"id_str":"2573256775","name":"UX-Qode","screen_name":"UXQode","location":"","profile_location":null,"description":"Creative Nerd that does professional and handcrafted templates.","url":"http:\/\/t.co\/riEl6VBCDW","entities":{"url":{"urls":[{"url":"http:\/\/t.co\/riEl6VBCDW","expanded_url":"http:\/\/themeforest.net\/user\/UX-Qode","display_url":"themeforest.net\/user\/UX-Qode","indices":[0,22]}]},"description":{"urls":[]}},"protected":false,"followers_count":8,"friends_count":6,"listed_count":0,"created_at":"Tue Jun 17 17:00:51 +0000 2014","favourites_count":0,"utc_offset":3600,"time_zone":"Amsterdam","geo_enabled":false,"verified":false,"statuses_count":5,"lang":"en-gb","contributors_enabled":false,"is_translator":false,"is_translation_enabled":false,"profile_background_color":"C0DEED","profile_background_image_url":"http:\/\/abs.twimg.com\/images\/themes\/theme1\/bg.png","profile_background_image_url_https":"https:\/\/abs.twimg.com\/images\/themes\/theme1\/bg.png","profile_background_tile":false,"profile_image_url":"http:\/\/pbs.twimg.com\/profile_images\/478949467597455360\/DRtT2R3k_normal.png","profile_image_url_https":"https:\/\/pbs.twimg.com\/profile_images\/478949467597455360\/DRtT2R3k_normal.png","profile_banner_url":"https:\/\/pbs.twimg.com\/profile_banners\/2573256775\/1403025168","profile_link_color":"0084B4","profile_sidebar_border_color":"C0DEED","profile_sidebar_fill_color":"DDEEF6","profile_text_color":"333333","profile_use_background_image":true,"default_profile":true,"default_profile_image":false,"following":false,"follow_request_sent":false,"notifications":false},"geo":null,"coordinates":null,"place":null,"contributors":null,"retweet_count":0,"favorite_count":0,"entities":{"hashtags":[],"symbols":[],"user_mentions":[],"urls":[]},"favorited":false,"retweeted":false,"lang":"en"},{"created_at":"Wed Jun 18 15:44:12 +0000 2014","id":479288477155356672,"id_str":"479288477155356672","text":"First tweet by ux-qode :)","source":"\u003ca href=\"http:\/\/twitter.com\" rel=\"nofollow\"\u003eTwitter Web Client\u003c\/a\u003e","truncated":false,"in_reply_to_status_id":null,"in_reply_to_status_id_str":null,"in_reply_to_user_id":null,"in_reply_to_user_id_str":null,"in_reply_to_screen_name":null,"user":{"id":2573256775,"id_str":"2573256775","name":"UX-Qode","screen_name":"UXQode","location":"","profile_location":null,"description":"Creative Nerd that does professional and handcrafted templates.","url":"http:\/\/t.co\/riEl6VBCDW","entities":{"url":{"urls":[{"url":"http:\/\/t.co\/riEl6VBCDW","expanded_url":"http:\/\/themeforest.net\/user\/UX-Qode","display_url":"themeforest.net\/user\/UX-Qode","indices":[0,22]}]},"description":{"urls":[]}},"protected":false,"followers_count":8,"friends_count":6,"listed_count":0,"created_at":"Tue Jun 17 17:00:51 +0000 2014","favourites_count":0,"utc_offset":3600,"time_zone":"Amsterdam","geo_enabled":false,"verified":false,"statuses_count":5,"lang":"en-gb","contributors_enabled":false,"is_translator":false,"is_translation_enabled":false,"profile_background_color":"C0DEED","profile_background_image_url":"http:\/\/abs.twimg.com\/images\/themes\/theme1\/bg.png","profile_background_image_url_https":"https:\/\/abs.twimg.com\/images\/themes\/theme1\/bg.png","profile_background_tile":false,"profile_image_url":"http:\/\/pbs.twimg.com\/profile_images\/478949467597455360\/DRtT2R3k_normal.png","profile_image_url_https":"https:\/\/pbs.twimg.com\/profile_images\/478949467597455360\/DRtT2R3k_normal.png","profile_banner_url":"https:\/\/pbs.twimg.com\/profile_banners\/2573256775\/1403025168","profile_link_color":"0084B4","profile_sidebar_border_color":"C0DEED","profile_sidebar_fill_color":"DDEEF6","profile_text_color":"333333","profile_use_background_image":true,"default_profile":true,"default_profile_image":false,"following":false,"follow_request_sent":false,"notifications":false},"geo":null,"coordinates":null,"place":null,"contributors":null,"retweet_count":0,"favorite_count":0,"entities":{"hashtags":[],"symbols":[],"user_mentions":[],"urls":[]},"favorited":false,"retweeted":false,"lang":"en"}]