[{"created_at":"Thu Nov 20 18:51:12 +0000 2014","id":535505658003881984,"id_str":"535505658003881984","text":"If you are a Drupal fan, check this great Drupal Theme... http:\/\/t.co\/jHb06tv6Th","source":"\u003ca href=\"http:\/\/www.facebook.com\/twitter\" rel=\"nofollow\"\u003eFacebook\u003c\/a\u003e","truncated":false,"in_reply_to_status_id":null,"in_reply_to_status_id_str":null,"in_reply_to_user_id":null,"in_reply_to_user_id_str":null,"in_reply_to_screen_name":null,"user":{"id":360701073,"id_str":"360701073","name":"Designare","screen_name":"DesignareThemes","location":"","profile_location":null,"description":"it's time to make the change!  http:\/\/t.co\/49k5degX","url":null,"entities":{"description":{"urls":[{"url":"http:\/\/t.co\/49k5degX","expanded_url":"http:\/\/designarethemes.com\/biglaunch\/","display_url":"designarethemes.com\/biglaunch\/","indices":[31,51]}]}},"protected":false,"followers_count":168,"friends_count":297,"listed_count":4,"created_at":"Tue Aug 23 16:39:39 +0000 2011","favourites_count":0,"utc_offset":0,"time_zone":"Lisbon","geo_enabled":false,"verified":false,"statuses_count":123,"lang":"en","contributors_enabled":false,"is_translator":false,"is_translation_enabled":false,"profile_background_color":"1B1C1E","profile_background_image_url":"http:\/\/pbs.twimg.com\/profile_background_images\/773962440\/770397046d1a493a08553fd13d7e29d8.jpeg","profile_background_image_url_https":"https:\/\/pbs.twimg.com\/profile_background_images\/773962440\/770397046d1a493a08553fd13d7e29d8.jpeg","profile_background_tile":true,"profile_image_url":"http:\/\/pbs.twimg.com\/profile_images\/3165873909\/e7e52bd429ad0e8c567ae2287c10f43d_normal.png","profile_image_url_https":"https:\/\/pbs.twimg.com\/profile_images\/3165873909\/e7e52bd429ad0e8c567ae2287c10f43d_normal.png","profile_link_color":"0084B4","profile_sidebar_border_color":"FFFFFF","profile_sidebar_fill_color":"DDEEF6","profile_text_color":"333333","profile_use_background_image":true,"default_profile":false,"default_profile_image":false,"following":false,"follow_request_sent":false,"notifications":false},"geo":null,"coordinates":null,"place":null,"contributors":null,"retweet_count":0,"favorite_count":0,"entities":{"hashtags":[],"symbols":[],"user_mentions":[],"urls":[{"url":"http:\/\/t.co\/jHb06tv6Th","expanded_url":"http:\/\/fb.me\/3kmIihA7J","display_url":"fb.me\/3kmIihA7J","indices":[58,80]}]},"favorited":false,"retweeted":false,"possibly_sensitive":false,"lang":"en"},{"created_at":"Fri Nov 07 16:08:59 +0000 2014","id":530753791424221184,"id_str":"530753791424221184","text":"Anya has been updated to version 1.2! New Fullscreen Sliders, Video sections, Pricing Tables, Layered PSD's files... http:\/\/t.co\/WnsxsRxave","source":"\u003ca href=\"http:\/\/www.facebook.com\/twitter\" rel=\"nofollow\"\u003eFacebook\u003c\/a\u003e","truncated":false,"in_reply_to_status_id":null,"in_reply_to_status_id_str":null,"in_reply_to_user_id":null,"in_reply_to_user_id_str":null,"in_reply_to_screen_name":null,"user":{"id":360701073,"id_str":"360701073","name":"Designare","screen_name":"DesignareThemes","location":"","profile_location":null,"description":"it's time to make the change!  http:\/\/t.co\/49k5degX","url":null,"entities":{"description":{"urls":[{"url":"http:\/\/t.co\/49k5degX","expanded_url":"http:\/\/designarethemes.com\/biglaunch\/","display_url":"designarethemes.com\/biglaunch\/","indices":[31,51]}]}},"protected":false,"followers_count":168,"friends_count":297,"listed_count":4,"created_at":"Tue Aug 23 16:39:39 +0000 2011","favourites_count":0,"utc_offset":0,"time_zone":"Lisbon","geo_enabled":false,"verified":false,"statuses_count":123,"lang":"en","contributors_enabled":false,"is_translator":false,"is_translation_enabled":false,"profile_background_color":"1B1C1E","profile_background_image_url":"http:\/\/pbs.twimg.com\/profile_background_images\/773962440\/770397046d1a493a08553fd13d7e29d8.jpeg","profile_background_image_url_https":"https:\/\/pbs.twimg.com\/profile_background_images\/773962440\/770397046d1a493a08553fd13d7e29d8.jpeg","profile_background_tile":true,"profile_image_url":"http:\/\/pbs.twimg.com\/profile_images\/3165873909\/e7e52bd429ad0e8c567ae2287c10f43d_normal.png","profile_image_url_https":"https:\/\/pbs.twimg.com\/profile_images\/3165873909\/e7e52bd429ad0e8c567ae2287c10f43d_normal.png","profile_link_color":"0084B4","profile_sidebar_border_color":"FFFFFF","profile_sidebar_fill_color":"DDEEF6","profile_text_color":"333333","profile_use_background_image":true,"default_profile":false,"default_profile_image":false,"following":false,"follow_request_sent":false,"notifications":false},"geo":null,"coordinates":null,"place":null,"contributors":null,"retweet_count":0,"favorite_count":0,"entities":{"hashtags":[],"symbols":[],"user_mentions":[],"urls":[{"url":"http:\/\/t.co\/WnsxsRxave","expanded_url":"http:\/\/fb.me\/6SF6x1zfY","display_url":"fb.me\/6SF6x1zfY","indices":[117,139]}]},"favorited":false,"retweeted":false,"possibly_sensitive":false,"lang":"en"},{"created_at":"Thu Oct 30 13:58:15 +0000 2014","id":527821789359910912,"id_str":"527821789359910912","text":"Multi-Concept Wordpress Theme - http:\/\/t.co\/kxeabfFo3a","source":"\u003ca href=\"http:\/\/www.mailchimp.com\" rel=\"nofollow\"\u003eMailChimp\u003c\/a\u003e","truncated":false,"in_reply_to_status_id":null,"in_reply_to_status_id_str":null,"in_reply_to_user_id":null,"in_reply_to_user_id_str":null,"in_reply_to_screen_name":null,"user":{"id":360701073,"id_str":"360701073","name":"Designare","screen_name":"DesignareThemes","location":"","profile_location":null,"description":"it's time to make the change!  http:\/\/t.co\/49k5degX","url":null,"entities":{"description":{"urls":[{"url":"http:\/\/t.co\/49k5degX","expanded_url":"http:\/\/designarethemes.com\/biglaunch\/","display_url":"designarethemes.com\/biglaunch\/","indices":[31,51]}]}},"protected":false,"followers_count":168,"friends_count":297,"listed_count":4,"created_at":"Tue Aug 23 16:39:39 +0000 2011","favourites_count":0,"utc_offset":0,"time_zone":"Lisbon","geo_enabled":false,"verified":false,"statuses_count":123,"lang":"en","contributors_enabled":false,"is_translator":false,"is_translation_enabled":false,"profile_background_color":"1B1C1E","profile_background_image_url":"http:\/\/pbs.twimg.com\/profile_background_images\/773962440\/770397046d1a493a08553fd13d7e29d8.jpeg","profile_background_image_url_https":"https:\/\/pbs.twimg.com\/profile_background_images\/773962440\/770397046d1a493a08553fd13d7e29d8.jpeg","profile_background_tile":true,"profile_image_url":"http:\/\/pbs.twimg.com\/profile_images\/3165873909\/e7e52bd429ad0e8c567ae2287c10f43d_normal.png","profile_image_url_https":"https:\/\/pbs.twimg.com\/profile_images\/3165873909\/e7e52bd429ad0e8c567ae2287c10f43d_normal.png","profile_link_color":"0084B4","profile_sidebar_border_color":"FFFFFF","profile_sidebar_fill_color":"DDEEF6","profile_text_color":"333333","profile_use_background_image":true,"default_profile":false,"default_profile_image":false,"following":false,"follow_request_sent":false,"notifications":false},"geo":null,"coordinates":null,"place":null,"contributors":null,"retweet_count":0,"favorite_count":0,"entities":{"hashtags":[],"symbols":[],"user_mentions":[],"urls":[{"url":"http:\/\/t.co\/kxeabfFo3a","expanded_url":"http:\/\/eepurl.com\/68eiz","display_url":"eepurl.com\/68eiz","indices":[32,54]}]},"favorited":false,"retweeted":false,"possibly_sensitive":false,"lang":"en"},{"created_at":"Wed Oct 29 12:41:32 +0000 2014","id":527440095696400384,"id_str":"527440095696400384","text":"We have just released a new theme on themeforest! \n\nANYA | http:\/\/t.co\/Rx860Y1DvA http:\/\/t.co\/jrG2Jj793h","source":"\u003ca href=\"http:\/\/www.facebook.com\/twitter\" rel=\"nofollow\"\u003eFacebook\u003c\/a\u003e","truncated":false,"in_reply_to_status_id":null,"in_reply_to_status_id_str":null,"in_reply_to_user_id":null,"in_reply_to_user_id_str":null,"in_reply_to_screen_name":null,"user":{"id":360701073,"id_str":"360701073","name":"Designare","screen_name":"DesignareThemes","location":"","profile_location":null,"description":"it's time to make the change!  http:\/\/t.co\/49k5degX","url":null,"entities":{"description":{"urls":[{"url":"http:\/\/t.co\/49k5degX","expanded_url":"http:\/\/designarethemes.com\/biglaunch\/","display_url":"designarethemes.com\/biglaunch\/","indices":[31,51]}]}},"protected":false,"followers_count":168,"friends_count":297,"listed_count":4,"created_at":"Tue Aug 23 16:39:39 +0000 2011","favourites_count":0,"utc_offset":0,"time_zone":"Lisbon","geo_enabled":false,"verified":false,"statuses_count":123,"lang":"en","contributors_enabled":false,"is_translator":false,"is_translation_enabled":false,"profile_background_color":"1B1C1E","profile_background_image_url":"http:\/\/pbs.twimg.com\/profile_background_images\/773962440\/770397046d1a493a08553fd13d7e29d8.jpeg","profile_background_image_url_https":"https:\/\/pbs.twimg.com\/profile_background_images\/773962440\/770397046d1a493a08553fd13d7e29d8.jpeg","profile_background_tile":true,"profile_image_url":"http:\/\/pbs.twimg.com\/profile_images\/3165873909\/e7e52bd429ad0e8c567ae2287c10f43d_normal.png","profile_image_url_https":"https:\/\/pbs.twimg.com\/profile_images\/3165873909\/e7e52bd429ad0e8c567ae2287c10f43d_normal.png","profile_link_color":"0084B4","profile_sidebar_border_color":"FFFFFF","profile_sidebar_fill_color":"DDEEF6","profile_text_color":"333333","profile_use_background_image":true,"default_profile":false,"default_profile_image":false,"following":false,"follow_request_sent":false,"notifications":false},"geo":null,"coordinates":null,"place":null,"contributors":null,"retweet_count":0,"favorite_count":0,"entities":{"hashtags":[],"symbols":[],"user_mentions":[],"urls":[{"url":"http:\/\/t.co\/Rx860Y1DvA","expanded_url":"http:\/\/designarethemes.net\/theme-switch\/?theme=anya","display_url":"designarethemes.net\/theme-switch\/?\u2026","indices":[59,81]},{"url":"http:\/\/t.co\/jrG2Jj793h","expanded_url":"http:\/\/fb.me\/3Sxe9rvsM","display_url":"fb.me\/3Sxe9rvsM","indices":[82,104]}]},"favorited":false,"retweeted":false,"possibly_sensitive":false,"lang":"en"},{"created_at":"Mon Aug 11 17:48:05 +0000 2014","id":498888597681221632,"id_str":"498888597681221632","text":"Are you a Joomla fan? Check this great Joomla Theme, our \"PARIS\" converted by one of our partners, shinetheme!... http:\/\/t.co\/2NxHr3Q7a2","source":"\u003ca href=\"http:\/\/www.facebook.com\/twitter\" rel=\"nofollow\"\u003eFacebook\u003c\/a\u003e","truncated":false,"in_reply_to_status_id":null,"in_reply_to_status_id_str":null,"in_reply_to_user_id":null,"in_reply_to_user_id_str":null,"in_reply_to_screen_name":null,"user":{"id":360701073,"id_str":"360701073","name":"Designare","screen_name":"DesignareThemes","location":"","profile_location":null,"description":"it's time to make the change!  http:\/\/t.co\/49k5degX","url":null,"entities":{"description":{"urls":[{"url":"http:\/\/t.co\/49k5degX","expanded_url":"http:\/\/designarethemes.com\/biglaunch\/","display_url":"designarethemes.com\/biglaunch\/","indices":[31,51]}]}},"protected":false,"followers_count":168,"friends_count":297,"listed_count":4,"created_at":"Tue Aug 23 16:39:39 +0000 2011","favourites_count":0,"utc_offset":0,"time_zone":"Lisbon","geo_enabled":false,"verified":false,"statuses_count":123,"lang":"en","contributors_enabled":false,"is_translator":false,"is_translation_enabled":false,"profile_background_color":"1B1C1E","profile_background_image_url":"http:\/\/pbs.twimg.com\/profile_background_images\/773962440\/770397046d1a493a08553fd13d7e29d8.jpeg","profile_background_image_url_https":"https:\/\/pbs.twimg.com\/profile_background_images\/773962440\/770397046d1a493a08553fd13d7e29d8.jpeg","profile_background_tile":true,"profile_image_url":"http:\/\/pbs.twimg.com\/profile_images\/3165873909\/e7e52bd429ad0e8c567ae2287c10f43d_normal.png","profile_image_url_https":"https:\/\/pbs.twimg.com\/profile_images\/3165873909\/e7e52bd429ad0e8c567ae2287c10f43d_normal.png","profile_link_color":"0084B4","profile_sidebar_border_color":"FFFFFF","profile_sidebar_fill_color":"DDEEF6","profile_text_color":"333333","profile_use_background_image":true,"default_profile":false,"default_profile_image":false,"following":false,"follow_request_sent":false,"notifications":false},"geo":null,"coordinates":null,"place":null,"contributors":null,"retweet_count":0,"favorite_count":0,"entities":{"hashtags":[],"symbols":[],"user_mentions":[],"urls":[{"url":"http:\/\/t.co\/2NxHr3Q7a2","expanded_url":"http:\/\/fb.me\/6Hq8eflK4","display_url":"fb.me\/6Hq8eflK4","indices":[114,136]}]},"favorited":false,"retweeted":false,"possibly_sensitive":false,"lang":"en"}]