{"cbp_items":[{"id":"1","cubeportfolio_id":"1","sort":"1","page":"1","items":"<div class=\"cbp-item graphic motion\"><div class=\"cbp-caption\"><div class=\"cbp-caption-defaultWrap\"><img src=\"{{post_id 1581}}\" alt=\"\" width=\"100%\"><\/div><div class=\"cbp-caption-activeWrap\"><div class=\"cbp-l-caption-alignCenter\"><div class=\"cbp-l-caption-body\"><a href=\"{{post_id 151}}\" class=\"cbp-singlePage cbp-l-caption-buttonLeft\" data-cbp-selector=\"cbp-post\">more info<\/a><a href=\"http:\/\/vimeo.com\/groups\/motion\/videos\/112827421\" class=\"cbp-lightbox cbp-l-caption-buttonRight\" data-title=\"To-Do Dashboard<br>by Tiberiu Neamu\">view video<\/a><\/div><\/div><\/div><\/div><div class=\"cbp-l-grid-projects-title\">Mountain House<\/div><div class=\"cbp-l-grid-projects-desc\">Reiulf Ramstad Arkitekter<\/div><\/div>","isLoadMore":"0","isSinglePage":""},{"id":"4","cubeportfolio_id":"2","sort":"1","page":"1","items":"<div class=\"cbp-item print motion\"><a href=\"{{home_url}}\/cubeportfolio\/designer-desk-2\/\" class=\"cbp-caption cbp-singlePageInline\" data-title=\"World Clock Widget<br>by Paul Flavius Nechita\" data-cbp-selector=\"cbp-post\"><div class=\"cbp-caption-defaultWrap\"><img src=\"\" alt=\"\" width=\"100%\"><\/div><div class=\"cbp-caption-activeWrap\"><div class=\"cbp-l-caption-alignLeft\"><div class=\"cbp-l-caption-body\"><div class=\"cbp-l-caption-title\">World Clock Widget<\/div><div class=\"cbp-l-caption-desc\">by Paul Flavius Nechita<\/div><\/div><\/div><\/div><\/a><\/div>","isLoadMore":"0","isSinglePage":""},{"id":"5","cubeportfolio_id":"2","sort":"2","page":"1","items":"<div class=\"cbp-item print motion\"><a href=\"{{home_url}}\/cubeportfolio\/come-home-2\/\" class=\"cbp-caption cbp-singlePageInline\" data-title=\"Bolt UI<br>by Tiberiu Neamu\" data-cbp-selector=\"cbp-post\"><div class=\"cbp-caption-defaultWrap\"><img src=\"\" alt=\"\" width=\"100%\"><\/div><div class=\"cbp-caption-activeWrap\"><div class=\"cbp-l-caption-alignLeft\"><div class=\"cbp-l-caption-body\"><div class=\"cbp-l-caption-title\">Come Home<\/div><div class=\"cbp-l-caption-desc\">by Javier Jabalera.com<\/div><\/div><\/div><\/div><\/a><\/div>","isLoadMore":"0","isSinglePage":""},{"id":"13","cubeportfolio_id":"5","sort":"1","page":"1","items":"<div class=\"cbp-item identity cbp-l-grid-masonry-height2 cbp-item-height-2\"><a href=\"\" class=\"cbp-caption cbp-lightbox\" data-title=\"Easy Note<br>by Cosmin Capitanu\"><div class=\"cbp-caption-defaultWrap\"><img src=\"http:\/\/www.uxqode.com\/themes\/dikka\/architecture\/2015\/01\/11\/1318\/\" alt=\"\" width=\"100%\"><\/div><div class=\"cbp-caption-activeWrap\"><div class=\"cbp-l-caption-alignCenter\"><div class=\"cbp-l-caption-body\"><div class=\"cbp-l-caption-title\">Designer Desk<\/div><div class=\"cbp-l-caption-desc\">Motion \/ Graphics<\/div><\/div><\/div><\/div><\/a><\/div>","isLoadMore":"0","isSinglePage":""},{"id":"14","cubeportfolio_id":"5","sort":"2","page":"1","items":"<div class=\"cbp-item web-design cbp-l-grid-masonry-height1 cbp-item-height-1\"><a href=\"\" class=\"cbp-caption cbp-lightbox\"><div class=\"cbp-caption-defaultWrap\"><img src=\"\" alt=\"\" width=\"100%\"><\/div><div class=\"cbp-caption-activeWrap\"><div class=\"cbp-l-caption-alignCenter\"><div class=\"cbp-l-caption-body\"><div class=\"cbp-l-caption-title\">Come Home<\/div><div class=\"cbp-l-caption-desc\">Identity \/ Web Design<\/div><\/div><\/div><\/div><\/a><\/div>","isLoadMore":"0","isSinglePage":""},{"id":"15","cubeportfolio_id":"5","sort":"12","page":"1","items":"<div class=\"cbp-item graphic identity cbp-l-grid-masonry-height1 cbp-item-height-1\"><a href=\"\" class=\"cbp-caption cbp-lightbox\" data-title=\"Wire Collection Braakman<br>by Dutchman Cees Braakman\"><div class=\"cbp-caption-defaultWrap\"><img src=\"\" alt=\"\" width=\"100%\"><\/div><div class=\"cbp-caption-activeWrap\"><div class=\"cbp-l-caption-alignCenter\"><div class=\"cbp-l-caption-body\"><div class=\"cbp-l-caption-title\">Wire Collection Braakman<\/div><div class=\"cbp-l-caption-desc\">by Dutchman Cees Braakman<\/div><\/div><\/div><\/div><\/a><\/div>","isLoadMore":"0","isSinglePage":""},{"id":"496","cubeportfolio_id":"1","sort":"8","page":"1","items":"<div class=\"cbp-item identity web-design\"><div class=\"cbp-caption\"><div class=\"cbp-caption-defaultWrap\"><img src=\"{{post_id 1588}}\" alt=\"\" width=\"100%\"><\/div><div class=\"cbp-caption-activeWrap\"><div class=\"cbp-l-caption-alignCenter\"><div class=\"cbp-l-caption-body\"><a href=\"{{post_id 1279}}\" class=\"cbp-singlePage cbp-l-caption-buttonLeft\" data-cbp-selector=\"cbp-post\">more info<\/a><a href=\"{{post_id 1601}}\" class=\"cbp-lightbox cbp-l-caption-buttonRight\" data-title=\"Russet Residence<br>By Slyce Design\">view larger<\/a><\/div><\/div><\/div><\/div><div class=\"cbp-l-grid-projects-title\">Russet Residence<\/div><div class=\"cbp-l-grid-projects-desc\">By Slyce Design<\/div><\/div>","isLoadMore":"0","isSinglePage":""},{"id":"495","cubeportfolio_id":"1","sort":"7","page":"1","items":"<div class=\"cbp-item identity web-design\"><div class=\"cbp-caption\"><div class=\"cbp-caption-defaultWrap\"><img src=\"{{post_id 1587}}\" alt=\"\" width=\"100%\"><\/div><div class=\"cbp-caption-activeWrap\"><div class=\"cbp-l-caption-alignCenter\"><div class=\"cbp-l-caption-body\"><a href=\"{{post_id 1603}}\" class=\"cbp-lightbox cbp-l-caption-buttonLeft\">more larger<\/a><a href=\"https:\/\/www.youtube.com\/watch?v=QsCUCtlOdW4\" class=\"cbp-lightbox cbp-l-caption-buttonRight\" data-title=\"Bridge<br>by Ting Chian They\">view video<\/a><\/div><\/div><\/div><\/div><div class=\"cbp-l-grid-projects-title\">Bauhaus<\/div><div class=\"cbp-l-grid-projects-desc\">by nuuro.tumblr.com<\/div><\/div>","isLoadMore":"0","isSinglePage":""},{"id":"47","cubeportfolio_id":"2","sort":"3","page":"1","items":"<div class=\"cbp-item web-design motion\"><a href=\"{{home_url}}\/cubeportfolio\/modern-desk-2\/\" class=\"cbp-caption cbp-singlePageInline\" data-title=\"Bolt UI<br>by Tiberiu Neamu\" data-cbp-selector=\"cbp-post\"><div class=\"cbp-caption-defaultWrap\"><img src=\"\" alt=\"\" width=\"100%\"><\/div><div class=\"cbp-caption-activeWrap\"><div class=\"cbp-l-caption-alignLeft\"><div class=\"cbp-l-caption-body\"><div class=\"cbp-l-caption-title\">Modern Desk<\/div><div class=\"cbp-l-caption-desc\">By Jeff Sheldon<\/div><\/div><\/div><\/div><\/a><\/div>","isLoadMore":"0","isSinglePage":""},{"id":"68","cubeportfolio_id":"2","sort":"6","page":"1","items":"<div class=\"cbp-item appdesign\"><a href=\"{{home_url}}\/cubeportfolio\/product-mockup\/\" class=\"cbp-caption cbp-singlePageInline\" data-title=\"Bolt UI<br>by Tiberiu Neamu\" data-cbp-selector=\"cbp-post\"><div class=\"cbp-caption-defaultWrap\"><img src=\"\" alt=\"\" width=\"100%\"><\/div><div class=\"cbp-caption-activeWrap\"><div class=\"cbp-l-caption-alignLeft\"><div class=\"cbp-l-caption-body\"><div class=\"cbp-l-caption-title\">Product Mockup<\/div><div class=\"cbp-l-caption-desc\">App Design<\/div><\/div><\/div><\/div><\/a><\/div>","isLoadMore":"0","isSinglePage":""},{"id":"67","cubeportfolio_id":"2","sort":"5","page":"1","items":"<div class=\"cbp-item web-design\"><a href=\"{{home_url}}\/cubeportfolio\/music-2\/\" class=\"cbp-caption cbp-singlePageInline\" data-title=\"Bolt UI<br>by Tiberiu Neamu\" data-cbp-selector=\"cbp-post\"><div class=\"cbp-caption-defaultWrap\"><img src=\"\" alt=\"\" width=\"100%\"><\/div><div class=\"cbp-caption-activeWrap\"><div class=\"cbp-l-caption-alignLeft\"><div class=\"cbp-l-caption-body\"><div class=\"cbp-l-caption-title\">Music<\/div><div class=\"cbp-l-caption-desc\">By Jeff Sheldon<\/div><\/div><\/div><\/div><\/a><\/div>","isLoadMore":"0","isSinglePage":""},{"id":"66","cubeportfolio_id":"2","sort":"4","page":"1","items":"<div class=\"cbp-item print graphic\"><a href=\"{{home_url}}\/cubeportfolio\/back-to-school-2\/ \" class=\"cbp-caption cbp-singlePageInline\" data-title=\"Bolt UI<br>by Tiberiu Neamu\" data-cbp-selector=\"cbp-post\"><div class=\"cbp-caption-defaultWrap\"><img src=\"\" alt=\"\" width=\"100%\"><\/div><div class=\"cbp-caption-activeWrap\"><div class=\"cbp-l-caption-alignLeft\"><div class=\"cbp-l-caption-body\"><div class=\"cbp-l-caption-title\">Back to School<\/div><div class=\"cbp-l-caption-desc\">By Jeff Sheldon<\/div><\/div><\/div><\/div><\/a><\/div>","isLoadMore":"0","isSinglePage":""},{"id":"140","cubeportfolio_id":"5","sort":"6","page":"1","items":"<div class=\"cbp-item web-design cbp-l-grid-masonry-height1 cbp-item-height-1\"><a href=\"\" class=\"cbp-caption cbp-lightbox\" data-title=\"Bridge<br>by Ting Chian They\"><div class=\"cbp-caption-defaultWrap\"><img src=\"\" alt=\"\" width=\"100%\"><\/div><div class=\"cbp-caption-activeWrap\"><div class=\"cbp-l-caption-alignCenter\"><div class=\"cbp-l-caption-body\"><div class=\"cbp-l-caption-title\">Bridge<\/div><div class=\"cbp-l-caption-desc\">by Ting Chian They<\/div><\/div><\/div><\/div><\/a><\/div>","isLoadMore":"0","isSinglePage":""},{"id":"139","cubeportfolio_id":"5","sort":"5","page":"1","items":"<div class=\"cbp-item identity cbp-l-grid-masonry-height2 cbp-item-height-2\"><a href=\"\" class=\"cbp-caption cbp-lightbox\" data-title=\"Koya No Sumika<br>by Minimalissimo\"><div class=\"cbp-caption-defaultWrap\"><img src=\"\" alt=\"\" width=\"100%\"><\/div><div class=\"cbp-caption-activeWrap\"><div class=\"cbp-l-caption-alignCenter\"><div class=\"cbp-l-caption-body\"><div class=\"cbp-l-caption-title\">Koya No Sumika<\/div><div class=\"cbp-l-caption-desc\">by Minimalissimo<\/div><\/div><\/div><\/div><\/a><\/div>","isLoadMore":"0","isSinglePage":""},{"id":"137","cubeportfolio_id":"5","sort":"4","page":"1","items":"<div class=\"cbp-item web-design cbp-l-grid-masonry-height1 cbp-item-height-1\"><a href=\"\" class=\"cbp-caption cbp-lightbox\" data-title=\"Modern Desk<br>Web Design\"><div class=\"cbp-caption-defaultWrap\"><img src=\"\" alt=\"\" width=\"100%\"><\/div><div class=\"cbp-caption-activeWrap\"><div class=\"cbp-l-caption-alignCenter\"><div class=\"cbp-l-caption-body\"><div class=\"cbp-l-caption-title\">Modern Desk<\/div><div class=\"cbp-l-caption-desc\">Web Design<\/div><\/div><\/div><\/div><\/a><\/div>","isLoadMore":"0","isSinglePage":""},{"id":"138","cubeportfolio_id":"5","sort":"3","page":"1","items":"<div class=\"cbp-item identity cbp-l-grid-masonry-height2 cbp-item-height-2\"><a href=\"\" class=\"cbp-caption cbp-lightbox\" data-title=\"Product Mockup<br>App Design\"><div class=\"cbp-caption-defaultWrap\"><img src=\"\" alt=\"\" width=\"100%\"><\/div><div class=\"cbp-caption-activeWrap\"><div class=\"cbp-l-caption-alignCenter\"><div class=\"cbp-l-caption-body\"><div class=\"cbp-l-caption-title\">Product Mockup<\/div><div class=\"cbp-l-caption-desc\">App Design<\/div><\/div><\/div><\/div><\/a><\/div>","isLoadMore":"0","isSinglePage":""},{"id":"494","cubeportfolio_id":"1","sort":"6","page":"1","items":"<div class=\"cbp-item graphic logo\"><div class=\"cbp-caption\"><div class=\"cbp-caption-defaultWrap\"><img src=\"{{post_id 1586}}\" alt=\"\" width=\"100%\"><\/div><div class=\"cbp-caption-activeWrap\"><div class=\"cbp-l-caption-alignCenter\"><div class=\"cbp-l-caption-body\"><a href=\"{{post_id 1600}}\" class=\"cbp-lightbox cbp-l-caption-buttonLeft\">view larger<\/a><a href=\"http:\/\/vimeo.com\/112660643\" class=\"cbp-lightbox cbp-l-caption-buttonRight\">view video<\/a><\/div><\/div><\/div><\/div><div class=\"cbp-l-grid-projects-title\">Mountain Hill Cabin<\/div><div class=\"cbp-l-grid-projects-desc\">By Norway Architects<\/div><\/div>","isLoadMore":"0","isSinglePage":""},{"id":"493","cubeportfolio_id":"1","sort":"5","page":"1","items":"<div class=\"cbp-item identity web-design\"><div class=\"cbp-caption\"><div class=\"cbp-caption-defaultWrap\"><img src=\"{{post_id 1585}}\" alt=\"\" width=\"100%\"><\/div><div class=\"cbp-caption-activeWrap\"><div class=\"cbp-l-caption-alignCenter\"><div class=\"cbp-l-caption-body\"><a href=\"{{post_id 1271}}\" class=\"cbp-simpleLink cbp-l-caption-buttonLeft\">more info<\/a><\/div><\/div><\/div><\/div><div class=\"cbp-l-grid-projects-title\">Architecture &amp; Interior Design<\/div><div class=\"cbp-l-grid-projects-desc\">by fromupnorth.com<\/div><\/div>","isLoadMore":"0","isSinglePage":""},{"id":"492","cubeportfolio_id":"1","sort":"4","page":"1","items":"<div class=\"cbp-item identity web-design\"><div class=\"cbp-caption\"><div class=\"cbp-caption-defaultWrap\"><img src=\"{{post_id 1584}}\" alt=\"\" width=\"100%\"><\/div><div class=\"cbp-caption-activeWrap\"><div class=\"cbp-l-caption-alignCenter\"><div class=\"cbp-l-caption-body\"><a href=\"{{post_id 1275}}\" target=\"_blank\" class=\"cbp-singlePage cbp-l-caption-buttonLeft\" data-cbp-selector=\"cbp-post\">more info<\/a><a href=\"{{post_id 1584}}\" class=\"cbp-lightbox cbp-l-caption-buttonRight\" data-title=\"Casa en la Ladera de un Castillo\">view larger<\/a><\/div><\/div><\/div><\/div><div class=\"cbp-l-grid-projects-title\">Casa en la Ladera de un Castillo<\/div><div class=\"cbp-l-grid-projects-desc\">By Fran Silvestre Arquitectos<\/div><\/div>","isLoadMore":"0","isSinglePage":""},{"id":"152","cubeportfolio_id":"1","sort":"1","page":"1","items":"<div class=\"cbp-item logo \"><div class=\"cbp-caption\"><div class=\"cbp-caption-defaultWrap\"><img src=\"\" alt=\"\" width=\"100%\"><\/div><div class=\"cbp-caption-activeWrap\"><div class=\"cbp-l-caption-alignCenter\"><div class=\"cbp-l-caption-body\"><a href=\"\" class=\"cbp-singlePage cbp-l-caption-buttonLeft\" data-cbp-selector=\"cbp-post\">more info<\/a><a href=\"http:\/\/scriptpie.com\/cubeportfolio\/wordpress\/wp-content\/uploads\/2014\/08\/38big.jpg\" class=\"cbp-lightbox cbp-l-caption-buttonRight\" data-title=\"Shopping Gallery<br>by Tiberiu Neamu\">view larger<\/a><\/div><\/div><\/div><\/div><div class=\"cbp-l-grid-projects-title\">Shopping Gallery<\/div><div class=\"cbp-l-grid-projects-desc\">Graphic \/ Logo<\/div><\/div>","isLoadMore":"1","isSinglePage":""},{"id":"162","cubeportfolio_id":"1","sort":"2","page":"1","items":"<div class=\"cbp-item identity web-design \"><div class=\"cbp-caption\"><div class=\"cbp-caption-defaultWrap\"><img src=\"\" alt=\"\" width=\"100%\"><\/div><div class=\"cbp-caption-activeWrap\"><div class=\"cbp-l-caption-alignCenter\"><div class=\"cbp-l-caption-body\"><a href=\" {{home_url}}\/cubeportfolio\/timezone-mgmt\" class=\"cbp-singlePage cbp-l-caption-buttonLeft\" data-title=\"Caption Data Title 1\" data-cbp-selector=\"cbp-post\">more info<\/a><a href=\"http:\/\/scriptpie.com\/cubeportfolio\/wordpress\/wp-content\/uploads\/2014\/08\/25big.jpg\" class=\"cbp-lightbox cbp-l-caption-buttonRight\" data-title=\"Caption Data Title 2\">view larger<\/a><\/div><\/div><\/div><\/div><div class=\"cbp-l-grid-projects-title\">Timezone Mgmt<\/div><div class=\"cbp-l-grid-projects-desc\">Identity \/ Web Design<\/div><\/div>","isLoadMore":"1","isSinglePage":""},{"id":"491","cubeportfolio_id":"1","sort":"3","page":"1","items":"<div class=\"cbp-item web-design\"><div class=\"cbp-caption\"><div class=\"cbp-caption-defaultWrap\"><img src=\"{{post_id 1583}}\" alt=\"\" width=\"100%\"><\/div><div class=\"cbp-caption-activeWrap\"><div class=\"cbp-l-caption-alignCenter\"><div class=\"cbp-l-caption-body\"><a href=\"{{post_id 1279}}\" class=\"cbp-singlePage cbp-l-caption-buttonLeft\" data-cbp-selector=\"cbp-post\">more info<\/a><a href=\"{{post_id 1594}}\" class=\"cbp-lightbox cbp-l-caption-buttonRight\" data-title=\"To-Do Dashboard<br>by Tiberiu Neamu\">view larger<\/a><\/div><\/div><\/div><\/div><div class=\"cbp-l-grid-projects-title\">Menk\u00e8s Dagenais Letourneux<\/div><div class=\"cbp-l-grid-projects-desc\">www.lanciatrendvisions.com<\/div><\/div>","isLoadMore":"0","isSinglePage":""},{"id":"490","cubeportfolio_id":"1","sort":"2","page":"1","items":"<div class=\"cbp-item identity web-design\"><div class=\"cbp-caption\"><div class=\"cbp-caption-defaultWrap\"><img src=\"{{post_id 1582}}\" alt=\"\" width=\"100%\"><\/div><div class=\"cbp-caption-activeWrap\"><div class=\"cbp-l-caption-alignCenter\"><div class=\"cbp-l-caption-body\"><a href=\"http:\/\/designspiration.net\/image\/377041512652\/\" target=\"_blank\" class=\"cbp-simpleLink cbp-l-caption-buttonLeft\">more info<\/a><a href=\"{{post_id 1593}}\" class=\"cbp-lightbox cbp-l-caption-buttonRight\" data-title=\"Come Home<br>by Javier Jabalera.com\">view larger<\/a><\/div><\/div><\/div><\/div><div class=\"cbp-l-grid-projects-title\">Raymond Residence<\/div><div class=\"cbp-l-grid-projects-desc\">www.dwell.com<\/div><\/div>","isLoadMore":"0","isSinglePage":""},{"id":"170","cubeportfolio_id":"1","sort":"3","page":"1","items":"<div class=\"cbp-item identity web-design \"><div class=\"cbp-caption\"><div class=\"cbp-caption-defaultWrap\"><img src=\"\" alt=\"\" width=\"100%\"><\/div><div class=\"cbp-caption-activeWrap\"><div class=\"cbp-l-caption-alignCenter\"><div class=\"cbp-l-caption-body\"><a href=\"\" class=\"cbp-singlePage cbp-l-caption-buttonLeft\" data-title=\"Caption Data Title 1\" data-cbp-selector=\"cbp-post\">more info<\/a><a href=\"http:\/\/scriptpie.com\/cubeportfolio\/wordpress\/wp-content\/uploads\/2014\/08\/39big.jpg\" class=\"cbp-lightbox cbp-l-caption-buttonRight\" data-title=\"by Cosmin Capitanu\">view larger<\/a><\/div><\/div><\/div><\/div><div class=\"cbp-l-grid-projects-title\">Generic Apps<\/div><div class=\"cbp-l-grid-projects-desc\">Identity \/ Logo<\/div><\/div>","isLoadMore":"1","isSinglePage":""},{"id":"173","cubeportfolio_id":"1","sort":"4","page":"1","items":"<div class=\"cbp-item identity web-design \"><div class=\"cbp-caption\"><div class=\"cbp-caption-defaultWrap\"><img src=\"\" alt=\"\" width=\"100%\"><\/div><div class=\"cbp-caption-activeWrap\"><div class=\"cbp-l-caption-alignCenter\"><div class=\"cbp-l-caption-body\"><a href=\"\" class=\"cbp-singlePage cbp-l-caption-buttonLeft\" data-title=\"Caption Data Title 1\" data-cbp-selector=\"cbp-post\">more info<\/a><a href=\"http:\/\/vimeo.com\/877053\" class=\"cbp-lightbox cbp-l-caption-buttonRight\" data-title=\"by Cosmin Capitanu\">view video<\/a><\/div><\/div><\/div><\/div><div class=\"cbp-l-grid-projects-title\">Speed Detector<\/div><div class=\"cbp-l-grid-projects-desc\">Graphic \/ Web Design<\/div><\/div>","isLoadMore":"1","isSinglePage":""},{"id":"174","cubeportfolio_id":"1","sort":"5","page":"1","items":"<div class=\"cbp-item identity web-design \"><div class=\"cbp-caption\"><div class=\"cbp-caption-defaultWrap\"><img src=\"\" alt=\"\" width=\"100%\"><\/div><div class=\"cbp-caption-activeWrap\"><div class=\"cbp-l-caption-alignCenter\"><div class=\"cbp-l-caption-body\"><a href=\"\" class=\"cbp-singlePage cbp-l-caption-buttonLeft\" data-title=\"Caption Data Title 1\" data-cbp-selector=\"cbp-post\">more info<\/a><a href=\"http:\/\/scriptpie.com\/cubeportfolio\/wordpress\/wp-content\/uploads\/2014\/08\/43big.jpg\" class=\"cbp-lightbox cbp-l-caption-buttonRight\" data-title=\"by Cosmin Capitanu\">view larger<\/a><\/div><\/div><\/div><\/div><div class=\"cbp-l-grid-projects-title\">Archiview<\/div><div class=\"cbp-l-grid-projects-desc\">Graphic \/ Logo<\/div><\/div>","isLoadMore":"1","isSinglePage":""},{"id":"538","cubeportfolio_id":"2","sort":"4","page":"1","items":"<div class=\"cbp-item motion print \"><div class=\"cbp-item-wrapper\"><a href=\"{{home_url}}\/cubeportfolio\/red-bike-2\/\" class=\"cbp-caption cbp-singlePageInline\" data-title=\"Digital Menu<br>by Cosmin Capitanu\" data-cbp-selector=\"cbp-post\"><div class=\"cbp-caption-defaultWrap\"><img src=\"\" alt=\"\" width=\"100%\"><\/div><div class=\"cbp-caption-activeWrap\"><div class=\"cbp-l-caption-alignLeft\"><div class=\"cbp-l-caption-body\"><div class=\"cbp-l-caption-title\">Red Bike<\/div><div class=\"cbp-l-caption-desc\">Photography<\/div><\/div><\/div><\/div><\/a><\/div><\/div>","isLoadMore":"1","isSinglePage":""},{"id":"535","cubeportfolio_id":"2","sort":"1","page":"1","items":"<div class=\"cbp-item appdesign \"><div class=\"cbp-item-wrapper\"><a href=\"{{home_url}}\/cubeportfolio\/bridge\/\" class=\"cbp-caption cbp-singlePageInline\" data-title=\"Workout Buddy<br>by Tiberiu Neamu\" data-cbp-selector=\"cbp-post\"><div class=\"cbp-caption-defaultWrap\"><img src=\"\" alt=\"\" width=\"100%\"><\/div><div class=\"cbp-caption-activeWrap\"><div class=\"cbp-l-caption-alignLeft\"><div class=\"cbp-l-caption-body\"><div class=\"cbp-l-caption-title\">Bridge<\/div><div class=\"cbp-l-caption-desc\">Photography<\/div><\/div><\/div><\/div><\/a><\/div><\/div>","isLoadMore":"1","isSinglePage":""},{"id":"536","cubeportfolio_id":"2","sort":"2","page":"1","items":"<div class=\"cbp-item web-design print \"><div class=\"cbp-item-wrapper\"><a href=\"{{home_url}}\/cubeportfolio\/holiday-selector\/\" class=\"cbp-caption cbp-singlePageInline\" data-title=\"Holiday Selector<br>by Cosmin Capitanu\" data-cbp-selector=\"cbp-post\"><div class=\"cbp-caption-defaultWrap\"><img src=\"http:\/\/scriptpie.com\/cubeportfolio\/wordpress\/wp-content\/uploads\/2014\/08\/26.jpg\" alt=\"\" width=\"100%\"><\/div><div class=\"cbp-caption-activeWrap\"><div class=\"cbp-l-caption-alignLeft\"><div class=\"cbp-l-caption-body\"><div class=\"cbp-l-caption-title\">Holiday Selector<\/div><div class=\"cbp-l-caption-desc\">by Cosmin Capitanu<\/div><\/div><\/div><\/div><\/a><\/div><\/div>","isLoadMore":"1","isSinglePage":""},{"id":"537","cubeportfolio_id":"2","sort":"3","page":"1","items":"<div class=\"cbp-item motion print  cbp-item-config-loaded\"><a href=\"{{home_url}}\/cubeportfolio\/red-bike-2\/\" class=\"cbp-caption cbp-singlePageInline\" data-title=\"Digital Menu<br>by Cosmin Capitanu\" data-cbp-selector=\"cbp-post\"><div class=\"cbp-caption-defaultWrap\"><img src=\"\" alt=\"\" width=\"100%\"><\/div><div class=\"cbp-caption-activeWrap\"><div class=\"cbp-l-caption-alignLeft\"><div class=\"cbp-l-caption-body\"><div class=\"cbp-l-caption-title\">Red Bike<\/div><div class=\"cbp-l-caption-desc\">Photography<\/div><\/div><\/div><\/div><\/a><\/div>","isLoadMore":"1","isSinglePage":""},{"id":"501","cubeportfolio_id":"18","sort":"1","page":"1","items":"<div class=\"cbp-item web-design cbp-item-height-4\"><a href=\"{{post_id 151}}\" class=\"cbp-caption cbp-singlePage\" data-title=\"Designer Desk<br>Graphic \/ Web\" data-cbp-selector=\"cbp-post\"><div class=\"cbp-caption-defaultWrap\"><img src=\"{{post_id 1581}}\" alt=\"\"><\/div><div class=\"cbp-caption-activeWrap\"><div class=\"cbp-l-caption-alignLeft\"><div class=\"cbp-l-caption-body\"><div class=\"cbp-l-caption-title\">Mountain House<\/div><div class=\"cbp-l-caption-desc\">by Reiulf Ramstad<\/div><\/div><\/div><\/div><\/a><\/div>","isLoadMore":"0","isSinglePage":""},{"id":"268","cubeportfolio_id":"5","sort":"11","page":"1","items":"<div class=\"cbp-item web-design cbp-l-grid-masonry-height1 cbp-item-height-1\"><a href=\"\" class=\"cbp-caption cbp-lightbox\" data-title=\"Red Bike<br>by Photography\"><div class=\"cbp-caption-defaultWrap\"><img src=\"\" alt=\"\" width=\"100%\"><\/div><div class=\"cbp-caption-activeWrap\"><div class=\"cbp-l-caption-alignCenter\"><div class=\"cbp-l-caption-body\"><div class=\"cbp-l-caption-title\">Red Bike<\/div><div class=\"cbp-l-caption-desc\">Photography<\/div><\/div><\/div><\/div><\/a><\/div>","isLoadMore":"0","isSinglePage":""},{"id":"267","cubeportfolio_id":"5","sort":"10","page":"1","items":"<div class=\"cbp-item web-design cbp-l-grid-masonry-height1 cbp-item-height-1\"><a href=\"\" class=\"cbp-caption cbp-lightbox\" data-title=\"Cameras<br>By Jeff Sheldon\"><div class=\"cbp-caption-defaultWrap\"><img src=\"\" alt=\"\" width=\"100%\"><\/div><div class=\"cbp-caption-activeWrap\"><div class=\"cbp-l-caption-alignCenter\"><div class=\"cbp-l-caption-body\"><div class=\"cbp-l-caption-title\">Cameras<\/div><div class=\"cbp-l-caption-desc\">By Jeff Sheldon<\/div><\/div><\/div><\/div><\/a><\/div>","isLoadMore":"0","isSinglePage":""},{"id":"266","cubeportfolio_id":"5","sort":"9","page":"1","items":"<div class=\"cbp-item identity cbp-l-grid-masonry-height2 cbp-item-height-2\"><a href=\"\" class=\"cbp-caption cbp-lightbox\" data-title=\"Bottle Grinder<br>by Minimalissimo\"><div class=\"cbp-caption-defaultWrap\"><img src=\"\" alt=\"\" width=\"100%\"><\/div><div class=\"cbp-caption-activeWrap\"><div class=\"cbp-l-caption-alignCenter\"><div class=\"cbp-l-caption-body\"><div class=\"cbp-l-caption-title\">Bottle Grinder<\/div><div class=\"cbp-l-caption-desc\">by Minimalissimo<\/div><\/div><\/div><\/div><\/a><\/div>","isLoadMore":"0","isSinglePage":""},{"id":"265","cubeportfolio_id":"5","sort":"8","page":"1","items":"<div class=\"cbp-item web-design cbp-l-grid-masonry-height1 cbp-item-height-1\"><a href=\"http:\/\/vimeo.com\/112827421\" class=\"cbp-caption cbp-lightbox\" data-title=\"By Jeff Sheldon\"><div class=\"cbp-caption-defaultWrap\"><img src=\"\" alt=\"\" width=\"100%\"><\/div><div class=\"cbp-caption-activeWrap\"><div class=\"cbp-l-caption-alignCenter\"><div class=\"cbp-l-caption-body\"><div class=\"cbp-l-caption-title\">Music<\/div><div class=\"cbp-l-caption-desc\">By Jeff Sheldon<\/div><\/div><\/div><\/div><\/a><\/div>","isLoadMore":"0","isSinglePage":""},{"id":"264","cubeportfolio_id":"5","sort":"7","page":"1","items":"<div class=\"cbp-item web-design cbp-l-grid-masonry-height1 cbp-item-height-1\"><a href=\"\" class=\"cbp-caption cbp-lightbox\" data-title=\"Back to School<br>By Jeff Sheldon\"><div class=\"cbp-caption-defaultWrap\"><img src=\"\" alt=\"\" width=\"100%\"><\/div><div class=\"cbp-caption-activeWrap\"><div class=\"cbp-l-caption-alignCenter\"><div class=\"cbp-l-caption-body\"><div class=\"cbp-l-caption-title\">Back to School<\/div><div class=\"cbp-l-caption-desc\">By Jeff Sheldon<\/div><\/div><\/div><\/div><\/a><\/div>","isLoadMore":"0","isSinglePage":""},{"id":"585","cubeportfolio_id":"18","sort":"8","page":"1","items":"<div class=\"cbp-item web-design cbp-item-height-4\"><a href=\"{{post_id 1279}} \" class=\"cbp-caption cbp-singlePage\" data-title=\"Designer Desk<br>Graphic \/ Web\" data-cbp-selector=\"cbp-post\"><div class=\"cbp-caption-defaultWrap\"><img src=\"{{post_id 1588}}\" alt=\"\" width=\"100%\"><\/div><div class=\"cbp-caption-activeWrap\"><div class=\"cbp-l-caption-alignLeft\"><div class=\"cbp-l-caption-body\"><div class=\"cbp-l-caption-title\">Russet Residence<\/div><div class=\"cbp-l-caption-desc\">by Slyce Design<\/div><\/div><\/div><\/div><\/a><\/div>","isLoadMore":"0","isSinglePage":""},{"id":"503","cubeportfolio_id":"18","sort":"1","page":"1","items":"<div class=\"cbp-item motion identity \"><div class=\"cbp-item-wrapper\"><a href=\"http:\/\/scriptpie.com\/cubeportfolio\/wordpress\/wp-content\/uploads\/2014\/08\/16big.jpg\" class=\"cbp-caption cbp-lightbox\" data-title=\"World Clock Widget<br>by Paul Flavius Nechita\"><div class=\"cbp-caption-defaultWrap\"><img src=\"http:\/\/scriptpie.com\/cubeportfolio\/wordpress\/wp-content\/uploads\/2014\/08\/16.jpg\" alt=\"\" width=\"100%\"><\/div><div class=\"cbp-caption-activeWrap\"><div class=\"cbp-l-caption-alignLeft\"><div class=\"cbp-l-caption-body\"><div class=\"cbp-l-caption-title\">Remind~Me More<\/div><div class=\"cbp-l-caption-desc\">by Tiberiu Neamu<\/div><\/div><\/div><\/div><\/a><\/div><\/div>","isLoadMore":"1","isSinglePage":""},{"id":"584","cubeportfolio_id":"18","sort":"7","page":"1","items":"<div class=\"cbp-item web-design cbp-item-height-4\"><a href=\"{{post_id 1603}}\" class=\"cbp-caption cbp-lightbox\" data-title=\"Bauhaus<br>by nuuro.tumblr.com\"><div class=\"cbp-caption-defaultWrap\"><img src=\"{{post_id 1587}}\" alt=\"\" width=\"100%\"><\/div><div class=\"cbp-caption-activeWrap\"><div class=\"cbp-l-caption-alignLeft\"><div class=\"cbp-l-caption-body\"><div class=\"cbp-l-caption-title\">Bauhaus<\/div><div class=\"cbp-l-caption-desc\">by nuuro.tumblr.com<\/div><\/div><\/div><\/div><\/a><\/div>","isLoadMore":"0","isSinglePage":""},{"id":"583","cubeportfolio_id":"18","sort":"6","page":"1","items":"<div class=\"cbp-item web-design cbp-item-height-4\"><a href=\"{{post_id 1600}}\" class=\"cbp-caption cbp-lightbox\" data-title=\"Mountain Hill Cabin<br>designboom.com\"><div class=\"cbp-caption-defaultWrap\"><img src=\"{{post_id 1586}}\" alt=\"\" width=\"100%\"><\/div><div class=\"cbp-caption-activeWrap\"><div class=\"cbp-l-caption-alignLeft\"><div class=\"cbp-l-caption-body\"><div class=\"cbp-l-caption-title\">Mountain Hill Cabin<\/div><div class=\"cbp-l-caption-desc\">by designboom.com<\/div><\/div><\/div><\/div><\/a><\/div>","isLoadMore":"0","isSinglePage":""},{"id":"581","cubeportfolio_id":"18","sort":"4","page":"1","items":"<div class=\"cbp-item web-design cbp-item-height-4\"><a href=\"{{post_id 1275}}\" class=\"cbp-caption cbp-singlePage\" data-title=\"Designer Desk<br>Graphic \/ Web\" data-cbp-selector=\"cbp-post\"><div class=\"cbp-caption-defaultWrap\"><img src=\"{{post_id 1584}}\" alt=\"\"><\/div><div class=\"cbp-caption-activeWrap\"><div class=\"cbp-l-caption-alignLeft\"><div class=\"cbp-l-caption-body\"><div class=\"cbp-l-caption-title\">Casa en la Ladera de un Castillo<\/div><div class=\"cbp-l-caption-desc\">by Fran Silvestre Arquitectos<\/div><\/div><\/div><\/div><\/a><\/div>","isLoadMore":"0","isSinglePage":""},{"id":"508","cubeportfolio_id":"18","sort":"5","page":"1","items":"<div class=\"cbp-item motion identity logo \"><div class=\"cbp-item-wrapper\"><a href=\"http:\/\/scriptpie.com\/cubeportfolio\/wordpress\/wp-content\/uploads\/2014\/08\/13big.jpg\" class=\"cbp-caption cbp-lightbox\" data-title=\"Seemple* Music for iPad<br>by Tiberiu Neamu\"><div class=\"cbp-caption-defaultWrap\"><img src=\"http:\/\/scriptpie.com\/cubeportfolio\/wordpress\/wp-content\/uploads\/2014\/08\/13.jpg\" alt=\"\" width=\"100%\"><\/div><div class=\"cbp-caption-activeWrap\"><div class=\"cbp-l-caption-alignLeft\"><div class=\"cbp-l-caption-body\"><div class=\"cbp-l-caption-title\">Seemple* Music for iPad<\/div><div class=\"cbp-l-caption-desc\">by Tiberiu Neamu<\/div><\/div><\/div><\/div><\/a><\/div><\/div>","isLoadMore":"1","isSinglePage":""},{"id":"509","cubeportfolio_id":"18","sort":"4","page":"1","items":"<div class=\"cbp-item motion identity \"><div class=\"cbp-item-wrapper\"><a href=\"http:\/\/scriptpie.com\/cubeportfolio\/wordpress\/wp-content\/uploads\/2014\/08\/35big.jpg\" class=\"cbp-caption cbp-lightbox\" data-title=\"Skateshop Website<br>by Paul Flavius Nechita\"><div class=\"cbp-caption-defaultWrap\"><img src=\"http:\/\/scriptpie.com\/cubeportfolio\/wordpress\/wp-content\/uploads\/2014\/08\/35.jpg\" alt=\"\" width=\"100%\"><\/div><div class=\"cbp-caption-activeWrap\"><div class=\"cbp-l-caption-alignLeft\"><div class=\"cbp-l-caption-body\"><div class=\"cbp-l-caption-title\">Skateshop Website<\/div><div class=\"cbp-l-caption-desc\">by Paul Flavius Nechita<\/div><\/div><\/div><\/div><\/a><\/div><\/div>","isLoadMore":"1","isSinglePage":""},{"id":"510","cubeportfolio_id":"18","sort":"3","page":"1","items":"<div class=\"cbp-item motion identity \"><div class=\"cbp-item-wrapper\"><a href=\"http:\/\/scriptpie.com\/cubeportfolio\/wordpress\/wp-content\/uploads\/2014\/08\/10big.jpg\" class=\"cbp-caption cbp-lightbox\" data-title=\"Bolt UI<br>by Tiberiu Neamu\"><div class=\"cbp-caption-defaultWrap\"><img src=\"http:\/\/scriptpie.com\/cubeportfolio\/wordpress\/wp-content\/uploads\/2014\/08\/10.jpg\" alt=\"\" width=\"100%\"><\/div><div class=\"cbp-caption-activeWrap\"><div class=\"cbp-l-caption-alignLeft\"><div class=\"cbp-l-caption-body\"><div class=\"cbp-l-caption-title\">Bolt UI<\/div><div class=\"cbp-l-caption-desc\">by Tiberiu Neamu<\/div><\/div><\/div><\/div><\/a><\/div><\/div>","isLoadMore":"1","isSinglePage":""},{"id":"511","cubeportfolio_id":"18","sort":"2","page":"1","items":"<div class=\"cbp-item motion identity web-design \"><div class=\"cbp-item-wrapper\"><a href=\"http:\/\/scriptpie.com\/cubeportfolio\/wordpress\/wp-content\/uploads\/2014\/08\/12big.jpg\" class=\"cbp-caption cbp-lightbox\" data-title=\"Ski * Buddy<br>by Paul Flavius Nechita\"><div class=\"cbp-caption-defaultWrap\"><img src=\"http:\/\/scriptpie.com\/cubeportfolio\/wordpress\/wp-content\/uploads\/2014\/08\/12.jpg\" alt=\"\" width=\"100%\"><\/div><div class=\"cbp-caption-activeWrap\"><div class=\"cbp-l-caption-alignLeft\"><div class=\"cbp-l-caption-body\"><div class=\"cbp-l-caption-title\">Ski * Buddy<\/div><div class=\"cbp-l-caption-desc\">by Tiberiu Neamu<\/div><\/div><\/div><\/div><\/a><\/div><\/div>","isLoadMore":"1","isSinglePage":""},{"id":"579","cubeportfolio_id":"18","sort":"2","page":"1","items":"<div class=\"cbp-item web-design cbp-item-height-4\"><a href=\"{{post_id 1593}}\" class=\"cbp-caption cbp-lightbox\" data-title=\"Raymond Residence<br>by dwell.com\"><div class=\"cbp-caption-defaultWrap\"><img src=\"{{post_id 1582}}\" alt=\"\"><\/div><div class=\"cbp-caption-activeWrap\"><div class=\"cbp-l-caption-alignLeft\"><div class=\"cbp-l-caption-body\"><div class=\"cbp-l-caption-title\">Raymond Residence<\/div><div class=\"cbp-l-caption-desc\">by dwell.com<\/div><\/div><\/div><\/div><\/a><\/div>","isLoadMore":"0","isSinglePage":""},{"id":"580","cubeportfolio_id":"18","sort":"3","page":"1","items":"<div class=\"cbp-item web-design cbp-item-height-4\"><a href=\"{{post_id 1594}}\" class=\"cbp-caption cbp-lightbox\" data-title=\"Designer Desk<br>Graphic \/ Web\"><div class=\"cbp-caption-defaultWrap\"><img src=\"{{post_id 1583}}\" alt=\"\"><\/div><div class=\"cbp-caption-activeWrap\"><div class=\"cbp-l-caption-alignLeft\"><div class=\"cbp-l-caption-body\"><div class=\"cbp-l-caption-title\">Menk\u00e8s Shooner Dagenais Letourneux<\/div><div class=\"cbp-l-caption-desc\">by lanciatrendvisions.com<\/div><\/div><\/div><\/div><\/a><\/div>","isLoadMore":"0","isSinglePage":""},{"id":"514","cubeportfolio_id":"18","sort":"6","page":"1","items":"<div class=\"cbp-item identity logo \"><div class=\"cbp-item-wrapper\"><a href=\"http:\/\/scriptpie.com\/cubeportfolio\/wordpress\/wp-content\/uploads\/2014\/08\/32big.jpg\" class=\"cbp-caption cbp-lightbox\" data-title=\"Grid Creator<br>by Cosmin Capitanu\"><div class=\"cbp-caption-defaultWrap\"><img src=\"http:\/\/scriptpie.com\/cubeportfolio\/wordpress\/wp-content\/uploads\/2014\/08\/32.jpg\" alt=\"\" width=\"100%\"><\/div><div class=\"cbp-caption-activeWrap\"><div class=\"cbp-l-caption-alignLeft\"><div class=\"cbp-l-caption-body\"><div class=\"cbp-l-caption-title\">Grid Creator<\/div><div class=\"cbp-l-caption-desc\">by Cosmin Capitanu<\/div><\/div><\/div><\/div><\/a><\/div><\/div>","isLoadMore":"1","isSinglePage":""},{"id":"582","cubeportfolio_id":"18","sort":"5","page":"1","items":"<div class=\"cbp-item web-design cbp-item-height-4\"><a href=\"{{post_id 1271}}\" class=\"cbp-caption cbp-singlePage\" data-title=\"Designer Desk<br>Graphic \/ Web\" data-cbp-selector=\"cbp-post\"><div class=\"cbp-caption-defaultWrap\"><img src=\"{{post_id 1585}}\" alt=\"\"><\/div><div class=\"cbp-caption-activeWrap\"><div class=\"cbp-l-caption-alignLeft\"><div class=\"cbp-l-caption-body\"><div class=\"cbp-l-caption-title\">Architecture andInterior Design<\/div><div class=\"cbp-l-caption-desc\">by fromupnorth.com<\/div><\/div><\/div><\/div><\/a><\/div>","isLoadMore":"0","isSinglePage":""}],"cbp":[{"id":"1","active":"1","name":"juicy projects","type":"juicy-projects","customcss":"{\"wrapcss\":\"#cbpw-wrap1 {margin:10px 0px 10px 0px;}\",\"gridcss\":\"#cbpw-grid1 .cbp-item {width:269px;height:250px;}#cbpw-grid1 .cbp-item-height-1 {height:260px;}#cbpw-grid1 .cbp-item-height-2 {height:270px;}#cbpw-grid1 .cbp-item-height-3 {height:280px;}#cbpw-grid1 .cbp-item-height-4 {height:290px;}#cbpw-grid1 .cbp-l-grid-projects-title {color:#f7f7f7;background-color:transparent;font-size:14px;font-family:Open Sans;font-weight:700;font-style:normal;line-height:normal;text-align:left;padding:0px 0px 0px 0px;margin:0px 0px 0px 0px;text-transform:none;}#cbpw-grid1 .cbp-l-grid-projects-desc {color:#888888;background-color:transparent;font-size:12px;font-family:Open Sans;font-weight:400;font-style:normal;line-height:normal;text-align:left;padding:0px 0px 0px 0px;margin:6px 0px 0px 0px;text-transform:none;}#cbpw-grid1 .cbp-l-caption-buttonLeft {color:#FFFFFF;background-color:#E45D5D;font-size:12px;font-family:Open Sans;font-weight:400;font-style:normal;line-height:28px;text-align:center;padding:0px 0px 0px 0px;margin:4px 4px 4px 4px;}#cbpw-grid1 .cbp-l-caption-buttonRight {color:#FFFFFF;background-color:#E45D5D;font-size:12px;font-family:Open Sans;font-weight:400;font-style:normal;line-height:28px;text-align:center;padding:0px 0px 0px 0px;margin:4px 4px 4px 4px;text-transform:none;}#cbpw-grid1 .cbp-caption-activeWrap {background-color:#ffffff;}\",\"filterscss\":\"#cbpw-filters1 .cbp-filter-item {background-color:#FFFFFF;border-width:2px 2px 2px 2px;border-style:solid;border-color:#fff;border-radius:2px;color:#888888;font-size:12px;font-family:Open Sans,sans-serif;font-weight:400;font-style:normal;line-height:29px;margin:10px 10px 0px 0px;padding:0px 17px 0px 17px;text-transform:none;}#cbpw-filters1 .cbp-filter-item:hover {background-color:#FFFFFF;border-width:2px 2px 2px 2px;border-style:solid;border-color:#ECECEC;border-radius:2px;color:#5d5d5d;font-size:12px;font-family:Open Sans,sans-serif;font-weight:400;font-style:normal;line-height:29px;margin:10px 10px 0px 0px;padding:0px 17px 0px 17px;text-transform:none;}#cbpw-filters1 .cbp-filter-item.cbp-filter-item-active {background-color:#E45D5D;border-width:2px 2px 2px 2px;border-style:solid;border-color:#E45D5D;border-radius:2px;color:#fff;font-size:12px;font-family:Open Sans,sans-serif;font-weight:400;font-style:normal;line-height:29px;margin:10px 10px 0px 0px;padding:0px 17px 0px 17px;text-transform:none;}#cbpw-filters1 .cbp-filter-item.cbp-filter-item-active:hover {background-color:#5d5d5d;border-width:2px 2px 2px 2px;border-style:solid;border-color:#5d5d5d;border-radius:2px;color:#dedede;font-size:12px;font-family:Open Sans,sans-serif;font-weight:400;font-style:normal;line-height:29px;margin:10px 10px 0px 0px;padding:0px 17px 0px 17px;text-transform:none;}#cbpw-filters1 .cbp-filter-counter {background-color:#fff;color:#E45D5D;font-size:11px;font-family:Open Sans,sans-serif;font-weight:400;font-style:normal;line-height:18px;padding:4px 0px 4px 0px;}#cbpw-filters1 .cbp-filter-counter:before {border-color:#fff transparent;}\",\"loadMorecss\":\"#cbpw-loadMore1 .cbp-l-loadMore-button-link {color:#7E7B7B;background-color:transparent;border-width:1px 1px 1px 1px;border-style:solid;border-color:#DEDEDE;border-radius:0px;font-size:11px;font-family:Open Sans;font-weight:400;font-style:normal;line-height:34px;text-align:center;padding:0px 20px 0px 20px;margin:30px 0px 0px 0px;text-transform:none;}#cbpw-loadMore1 .cbp-l-loadMore-button-link:hover {color:#B0B0B0;background-color:transparent;border-width:1px 1px 1px 1px;border-style:solid;border-color:#DEDEDE;border-radius:0px;font-size:11px;font-family:Open Sans;font-weight:400;font-style:normal;line-height:34px;text-align:center;padding:0px 20px 0px 20px;margin:30px 0px 0px 0px;text-transform:none;}#cbpw-loadMore1 .cbp-l-loadMore-button-loading {color:#7E7B7B;background-color:transparent;border-width:1px 1px 1px 1px;border-style:solid;border-color:#DEDEDE;border-radius:0px;font-size:11px;font-family:Open Sans;font-weight:400;font-style:normal;line-height:34px;text-align:center;padding:0px 20px 0px 20px;margin:30px 0px 0px 0px;text-transform:none;}#cbpw-loadMore1 .cbp-l-loadMore-button-loading:hover {color:#7E7B7B;background-color:transparent;border-width:1px 1px 1px 1px;border-style:solid;border-color:#DEDEDE;border-radius:0px;font-size:11px;font-family:Open Sans;font-weight:400;font-style:normal;line-height:34px;text-align:center;padding:0px 20px 0px 20px;margin:30px 0px 0px 0px;text-transform:none;}#cbpw-loadMore1 .cbp-l-loadMore-button-stop {color:#B0B0B0;background-color:transparent;border-width:1px 1px 1px 1px;border-style:solid;border-color:#DEDEDE;border-radius:0px;font-size:11px;font-family:Open Sans;font-weight:400;font-style:normal;line-height:34px;text-align:center;padding:0px 20px 0px 20px;margin:30px 0px 0px 0px;text-transform:none;}#cbpw-loadMore1 .cbp-l-loadMore-button-stop:hover {color:#B0B0B0;background-color:transparent;border-width:1px 1px 1px 1px;border-style:solid;border-color:#DEDEDE;border-radius:0px;font-size:11px;font-family:Open Sans;font-weight:400;font-style:normal;line-height:34px;text-align:center;padding:0px 20px 0px 20px;margin:30px 0px 0px 0px;text-transform:none;}\",\"singlePagecss\":\"#cbpw-singlePage1 .cbp-popup-navigation-wrap {background-color:#2a2a2b;}#cbpw-singlePage1 .cbp-popup-singlePage-counter {color:#ffffff;font-size:13px;font-family:Open Sans;}\"}","options":"{\"layoutMode\":\"grid\",\"showNavigation\":true,\"showPagination\":true,\"rewindNav\":true,\"scrollByPage\":false,\"defaultFilter\":\"*\",\"filterDeeplinking\":false,\"animationType\":\"flipOut\",\"gridAdjustment\":\"responsive\",\"mediaQueries\":false,\"gapHorizontal\":35,\"gapVertical\":30,\"caption\":\"fadeIn\",\"displayType\":\"lazyLoading\",\"displayTypeSpeed\":100,\"lightboxDelegate\":\".cbp-lightbox\",\"lightboxGallery\":true,\"lightboxTitleSrc\":\"data-title\",\"lightboxCounter\":\"<div class=\\\"cbp-popup-lightbox-counter\\\">{{current}} of {{total}}<\/div>\",\"singlePageDelegate\":\".cbp-singlePage\",\"singlePageDeeplinking\":true,\"singlePageStickyNavigation\":true,\"singlePageCounter\":\"<div class=\\\"cbp-popup-singlePage-counter\\\">{{current}} of {{total}}<\/div>\",\"singlePageAnimation\":\"fade\",\"singlePageInlineDelegate\":\".cbp-singlePageInline\",\"singlePageInlinePosition\":\"above\",\"singlePageInlineInFocus\":true,\"lightboxShowCounter\":true,\"singlePageShowCounter\":true,\"singlePageInlineShowCounter\":true,\"displayItemsLoadMore\":3}","loadMorehtml":"","template":"<div id=\"cbpw-wrap1\"><div id=\"cbpw-filters1\" class=\"cbp-l-filters-button\">{{filtersContent}}<\/div><div id=\"cbpw-grid1\" class=\"cbp-l-grid-projects\"><div>{{gridContent}}<\/div><\/div><\/div>","filtershtml":"<div data-filter=\"*\" class=\"cbp-filter-item cbp-filter-item-active\"> All  <span class=\"cbp-filter-counter-wrap\"><span class=\"cbp-filter-counter\"><\/span><\/span><\/div>\n<div data-filter=\".identity\" class=\"cbp-filter-item\"> Identity  <span class=\"cbp-filter-counter-wrap\"><span class=\"cbp-filter-counter\"><\/span><\/span><\/div>\n<div data-filter=\".web-design\" class=\"cbp-filter-item\"> Web Design  <span class=\"cbp-filter-counter-wrap\"><span class=\"cbp-filter-counter\"><\/span><\/span><\/div>\n<div data-filter=\".graphic\" class=\"cbp-filter-item\"> Graphic  <span class=\"cbp-filter-counter-wrap\"><span class=\"cbp-filter-counter\"><\/span><\/span><\/div>\n<div data-filter=\".logo\" class=\"cbp-filter-item\"> Logo  <span class=\"cbp-filter-counter-wrap\"><span class=\"cbp-filter-counter\"><\/span><\/span><\/div>\n<div data-filter=\".motion\" class=\"cbp-filter-item\">Motion<span class=\"cbp-filter-counter-wrap\"><span class=\"cbp-filter-counter\"><\/span><\/span><\/div>\n","googlefonts":"[{\"name\":\"Open Sans\",\"slug\":\"Open+Sans\",\"weightStyle\":\"700normal,400normal,NaN\"}]","popup":"[{\"link\":\"{{post_id 151}}\",\"html\":\"\",\"type\":\"cbp-singlePage\"},{\"link\":\"{{post_id 1275}}\",\"html\":\"\",\"type\":\"cbp-singlePage\"},{\"link\":\"{{post_id 1279}}\",\"html\":\"\",\"type\":\"cbp-singlePage\"}]"},{"id":"18","active":"1","name":"full-projects-home","type":"full-box","customcss":"{\"wrapcss\":\"#cbpw-wrap18 {margin:0px 0px 0px 0px;}\",\"gridcss\":\"#cbpw-grid18 .cbp-item {width:360px;height:288px;}#cbpw-grid18 .cbp-l-caption-title {color:#FFFFFF;background-color:transparent;font-size:16px;font-family:Open Sans;font-weight:700;font-style:normal;line-height:18px;text-align:center;padding:65px 0px 0px 0px;margin:55px 0px 5px 0px;text-transform:none;}#cbpw-grid18 .cbp-l-caption-desc {color:#7d7d7d;background-color:transparent;font-size:12px;font-family:Open Sans;font-weight:400;font-style:normal;line-height:16px;text-align:center;padding:0px 0px 0px 0px;margin:0px 0px 0px 0px;text-transform:none;}#cbpw-grid18 .cbp-caption-activeWrap {background-color:#171717;}#cbpw-grid18 .cbp-item-height-1 {height:200px;}#cbpw-grid18 .cbp-item-height-2 {height:314px;}#cbpw-grid18 .cbp-item-height-3 {height:290px;}#cbpw-grid18 .cbp-item-height-4 {height:285px;}\",\"filterscss\":\"#cbpw-filters4 .cbp-filter-item {background-color:transparent;border-width:0px;border-style:none;border-color:transparent;border-radius:0;color:#5A5A5A;font-size:13px;font-family:Open Sans,sans-serif;font-weight:400;font-style:normal;line-height:normal;margin:10px 0px 0px 0px;padding:0px 12px 0px 12px;text-transform:uppercase;}#cbpw-filters4 .cbp-filter-item:hover {background-color:transparent;border-width:0px;border-style:none;border-color:transparent;border-radius:0;color:#E45D5D;font-size:13px;font-family:Open Sans,sans-serif;font-weight:400;font-style:normal;line-height:normal;margin:10px 0px 0px 0px;padding:0px 12px 0px 12px;text-transform:uppercase;}#cbpw-filters4 .cbp-filter-item.cbp-filter-item-active {background-color:transparent;border-width:0px;border-style:none;border-color:transparent;border-radius:0;color:#E45D5D;font-size:13px;font-family:Open Sans,sans-serif;font-weight:400;font-style:normal;line-height:normal;margin:10px 0px 0px 0px;padding:0px 12px 0px 12px;text-transform:uppercase;}#cbpw-filters4 .cbp-filter-item.cbp-filter-item-active:hover {background-color:transparent;border-width:0px;border-style:none;border-color:transparent;border-radius:0;color:#E45D5D;font-size:13px;font-family:Open Sans,sans-serif;font-weight:400;font-style:normal;line-height:normal;margin:10px 0px 0px 0px;padding:0px 12px 0px 12px;text-transform:uppercase;}#cbpw-filters4 .cbp-filter-counter {background-color:#E45D5D;color:#fff;font-size:11px;font-family:Open Sans,sans-serif;font-weight:400;font-style:normal;line-height:18px;padding:4px 0px 4px 0px;}#cbpw-filters4 .cbp-filter-counter:before {border-color:#E45D5D transparent;}\",\"loadMorecss\":\"#cbpw-loadMore18 .cbp-l-loadMore-button-link {color:#f0f0f0;background-color:#242224;border-width:2px 2px 2px 2px;border-style:none;border-color:#DEDEDE;border-radius:0;font-size:12px;font-family:Open Sans;font-weight:400;font-style:normal;line-height:34px;text-align:center;padding:5px 25px 5px 25px;margin:80px 0px 0px 0px;text-transform:none;}#cbpw-loadMore18 .cbp-l-loadMore-button-link:hover {color:#FFF;background-color:#E45D5D;border-width:2px 2px 2px 2px;border-style:none;border-color:#E45D5D;border-radius:2px;font-size:12px;font-family:Open Sans;font-weight:400;font-style:normal;line-height:34px;text-align:center;padding:5px 25px 5px 25px;margin:80px 0px 0px 0px;text-transform:none;}#cbpw-loadMore18 .cbp-l-loadMore-button-loading {color:#FFF;background-color:#E45D5D;border-width:2px 2px 2px 2px;border-style:none;border-color:#DEDEDE;border-radius:0px;font-size:11px;font-family:Open Sans;font-weight:600;font-style:normal;line-height:34px;text-align:center;padding:5px 25px 5px 25px;margin:80px 0px 0px 0px;text-transform:none;}#cbpw-loadMore18 .cbp-l-loadMore-button-loading:hover {color:#FFF;background-color:#E45D5D;border-width:2px 2px 2px 2px;border-style:none;border-color:#DEDEDE;border-radius:0px;font-size:11px;font-family:Open Sans;font-weight:600;font-style:normal;line-height:34px;text-align:center;padding:5px 25px 5px 25px;margin:80px 0px 0px 0px;text-transform:none;}#cbpw-loadMore18 .cbp-l-loadMore-button-stop {color:#545454;background-color:#ebebeb;border-width:2px 2px 2px 2px;border-style:none;border-color:#DEDEDE;border-radius:0px;font-size:11px;font-family:Open Sans;font-weight:600;font-style:normal;line-height:34px;text-align:center;padding:5px 25px 5px 25px;margin:80px 0px 0px 0px;text-transform:none;}#cbpw-loadMore18 .cbp-l-loadMore-button-stop:hover {color:#545454;background-color:#ebebeb;border-width:2px 2px 2px 2px;border-style:none;border-color:#DEDEDE;border-radius:0px;font-size:11px;font-family:Open Sans;font-weight:600;font-style:normal;line-height:34px;text-align:center;padding:5px 25px 5px 25px;margin:80px 0px 0px 0px;text-transform:none;}\",\"singlePagecss\":\"#cbpw-singlePage18 .cbp-popup-navigation-wrap {background-color:#292929;}#cbpw-singlePage18 .cbp-popup-singlePage-counter {color:#e8e8e8;font-size:13px;font-family:Open Sans;}\"}","options":"{\"layoutMode\":\"grid\",\"showNavigation\":true,\"showPagination\":true,\"rewindNav\":true,\"scrollByPage\":false,\"defaultFilter\":\"*\",\"filterDeeplinking\":false,\"animationType\":\"scaleDown\",\"gridAdjustment\":\"responsive\",\"mediaQueries\":false,\"gapHorizontal\":0,\"gapVertical\":0,\"caption\":\"zoom\",\"displayType\":\"lazyLoading\",\"displayTypeSpeed\":100,\"lightboxDelegate\":\".cbp-lightbox\",\"lightboxGallery\":true,\"lightboxTitleSrc\":\"data-title\",\"lightboxCounter\":\"<div class=\\\"cbp-popup-lightbox-counter\\\">{{current}} of {{total}}<\/div>\",\"singlePageDelegate\":\".cbp-singlePage\",\"singlePageDeeplinking\":true,\"singlePageStickyNavigation\":true,\"singlePageCounter\":\"<div class=\\\"cbp-popup-singlePage-counter\\\">{{current}} of {{total}}<\/div>\",\"singlePageAnimation\":\"left\",\"singlePageInlineDelegate\":\".cbp-singlePageInline\",\"singlePageInlinePosition\":\"above\",\"singlePageInlineInFocus\":true,\"lightboxShowCounter\":true,\"singlePageShowCounter\":true,\"singlePageInlineShowCounter\":true,\"displayItemsLoadMore\":4}","loadMorehtml":"","template":"<div id=\"cbpw-wrap18\"><div id=\"cbpw-grid18\" class=\"cbp-l-grid-fullScreen\"><div>{{gridContent}}<\/div><\/div><\/div>","filtershtml":"","googlefonts":"[{\"name\":\"Open Sans\",\"slug\":\"Open+Sans\",\"weightStyle\":\"700normal,400normal,600normal,NaN\"}]","popup":"[{\"link\":\"{{post_id 151}}\",\"html\":\"\",\"type\":\"cbp-singlePage\"},{\"link\":\"{{post_id 1271}}\",\"html\":\"\",\"type\":\"cbp-singlePage\"},{\"link\":\"{{post_id 1275}}\",\"html\":\"\",\"type\":\"cbp-singlePage\"},{\"link\":\"{{post_id 1279}} \",\"html\":\"\",\"type\":\"cbp-singlePage\"}]"},{"id":"2","active":"1","name":"lighbox gallery","type":"lightbox-gallery","customcss":"{\"wrapcss\":\"#cbpw-wrap2 {margin:40px 0px 60px 0px;}\",\"gridcss\":\"#cbpw-grid2 .cbp-item {width:320px;height:236px;}#cbpw-grid2 .cbp-l-caption-title {color:#FFFFFF;background-color:transparent;font-size:16px;font-family:Open Sans;font-weight:700;font-style:normal;line-height:18px;text-align:left;padding:0px 0px 0px 0px;margin:0px 0px 5px 0px;text-transform:none;}#cbpw-grid2 .cbp-l-caption-desc {color:#777777;background-color:transparent;font-size:12px;font-family:Open Sans;font-weight:400;font-style:normal;line-height:16px;text-align:left;padding:0px 0px 0px 0px;margin:0px 0px 0px 0px;text-transform:none;}#cbpw-grid2 .cbp-caption-activeWrap {background-color:#282727;}#cbpw-grid2 .cbp-item-height-1 {height:300px;}\",\"filterscss\":\"#cbpw-filters2 .cbp-l-filters-dropdownWrap {background-color:#4d4c4d;}#cbpw-filters2 .cbp-l-filters-dropdownHeader {background-color:transparent;color:#FFFFFF;font-size:12px;font-family:Open Sans,sans-serif;font-weight:400;font-style:normal;line-height:38px;margin:0px 17px 0px 17px;text-transform:none;}#cbpw-filters2 .cbp-filter-item {background-color:transparent;border-width:1px 0px 0px 0px;border-style:solid;border-color:#595959;color:#b3b3b3;font-size:12px;font-family:Open Sans,sans-serif;font-weight:400;font-style:normal;line-height:40px;padding:0px 17px 0px 17px;text-transform:none;}#cbpw-filters2 .cbp-filter-item:hover {background-color:transparent;border-width:1px 0px 0px 0px;border-style:solid;border-color:#595959;color:#e6e6e6;font-size:12px;font-family:Open Sans,sans-serif;font-weight:400;font-style:normal;line-height:40px;padding:0px 17px 0px 17px;text-transform:none;}#cbpw-filters2 .cbp-filter-item.cbp-filter-item-active {background-color:transparent;border-width:1px 0px 0px 0px;border-style:solid;border-color:#595959;color:#ffffff;font-size:12px;font-family:Open Sans,sans-serif;font-weight:400;font-style:normal;line-height:40px;padding:0px 17px 0px 17px;text-transform:none;}#cbpw-filters2 .cbp-filter-item.cbp-filter-item-active:hover {background-color:transparent;border-width:1px 0px 0px 0px;border-style:solid;border-color:#595959;color:#e6e6e6;font-size:12px;font-family:Open Sans,sans-serif;font-weight:400;font-style:normal;line-height:40px;padding:0px 17px 0px 17px;text-transform:none;}\",\"loadMorecss\":\"#cbpw-loadMore2 .cbp-l-loadMore-button-link {color:#7E7B7B;background-color:transparent;border-width:2px 2px 2px 2px;border-style:solid;border-color:#DEDEDE;border-radius:2px;font-size:11px;font-family:Open Sans;font-weight:400;font-style:normal;line-height:34px;text-align:center;padding:0px 20px 0px 20px;margin:60px 0px 0px 0px;text-transform:none;}#cbpw-loadMore2 .cbp-l-loadMore-button-link:hover {color:#B0B0B0;background-color:transparent;border-width:2px 2px 2px 2px;border-style:solid;border-color:#DEDEDE;border-radius:2px;font-size:11px;font-family:Open Sans;font-weight:400;font-style:normal;line-height:34px;text-align:center;padding:0px 20px 0px 20px;margin:60px 0px 0px 0px;text-transform:none;}#cbpw-loadMore2 .cbp-l-loadMore-button-loading {color:#7E7B7B;background-color:transparent;border-width:2px 2px 2px 2px;border-style:solid;border-color:#DEDEDE;border-radius:2px;font-size:11px;font-family:Open Sans;font-weight:400;font-style:normal;line-height:34px;text-align:center;padding:0px 20px 0px 20px;margin:60px 0px 0px 0px;text-transform:none;}#cbpw-loadMore2 .cbp-l-loadMore-button-loading:hover {color:#7E7B7B;background-color:transparent;border-width:2px 2px 2px 2px;border-style:solid;border-color:#DEDEDE;border-radius:2px;font-size:11px;font-family:Open Sans;font-weight:400;font-style:normal;line-height:34px;text-align:center;padding:0px 20px 0px 20px;margin:60px 0px 0px 0px;text-transform:none;}#cbpw-loadMore2 .cbp-l-loadMore-button-stop {color:#B0B0B0;background-color:transparent;border-width:2px 2px 2px 2px;border-style:solid;border-color:#DEDEDE;border-radius:2px;font-size:11px;font-family:Open Sans;font-weight:400;font-style:normal;line-height:34px;text-align:center;padding:0px 20px 0px 20px;margin:60px 0px 0px 0px;text-transform:none;}#cbpw-loadMore2 .cbp-l-loadMore-button-stop:hover {color:#B0B0B0;background-color:transparent;border-width:2px 2px 2px 2px;border-style:solid;border-color:#DEDEDE;border-radius:2px;font-size:11px;font-family:Open Sans;font-weight:400;font-style:normal;line-height:34px;text-align:center;padding:0px 20px 0px 20px;margin:60px 0px 0px 0px;text-transform:none;}\",\"singlePagecss\":\"#cbpw-singlePage2 .cbp-popup-navigation-wrap {background-color:#34425C;}#cbpw-singlePage2 .cbp-popup-singlePage-counter {color:#bbc0df;font-size:13px;font-family:Open Sans;}\"}","options":"{\"defaultFilter\":\"*\",\"filterDeeplinking\":false,\"animationType\":\"rotateSides\",\"gridAdjustment\":\"responsive\",\"gapHorizontal\":10,\"gapVertical\":10,\"caption\":\"overlayBottomPush\",\"displayType\":\"sequentially\",\"displayTypeSpeed\":100,\"lightboxDelegate\":\".cbp-lightbox\",\"lightboxGallery\":true,\"lightboxTitleSrc\":\"data-title\",\"lightboxCounter\":\"<div class=\\\"cbp-popup-lightbox-counter\\\">{{current}} of {{total}}<\/div>\",\"singlePageDelegate\":\".cbp-singlePage\",\"singlePageDeeplinking\":true,\"singlePageStickyNavigation\":true,\"singlePageCounter\":\"<div class=\\\"cbp-popup-singlePage-counter\\\">{{current}} of {{total}}<\/div>\",\"singlePageAnimation\":\"left\",\"singlePageInlineDelegate\":\".cbp-singlePageInline\",\"singlePageInlinePosition\":\"below\",\"singlePageInlineInFocus\":true,\"lightboxShowCounter\":true,\"singlePageShowCounter\":true,\"singlePageInlineShowCounter\":true,\"displayItemsLoadMore\":3}","loadMorehtml":"<div class=\"cbp-l-loadMore-button\"><a href=\"ajax\/loadMore.html\" class=\"cbp-l-loadMore-button-link\"><span class=\"cbp-l-loadMore-button-defaultText\">LOAD MORE<\/span> <span class=\"cbp-l-loadMore-button-loadingText\">LOADING...<\/span><span class=\"cbp-l-loadMore-button-noMoreLoading\">NO MORE WORKS<\/span><\/a><\/div>","template":"<div id=\"cbpw-wrap2\"><div id=\"cbpw-filters2\" class=\"cbp-l-filters-dropdown\">{{filtersContent}}<\/div><div id=\"cbpw-grid2\" class=\"cbp-l-grid-gallery\"><div>{{gridContent}}<\/div><\/div><div id=\"cbpw-loadMore2\" class=\"\">{{loadMoreContent}}<\/div><\/div>","filtershtml":"<div class=\"cbp-l-filters-dropdownWrap\"><div class=\"cbp-l-filters-dropdownHeader\">Sort Gallery<\/div><div class=\"cbp-l-filters-dropdownList\"><div data-filter=\"*\" class=\"cbp-filter-item cbp-filter-item-active\">All  <span class=\"cbp-filter-counter-wrap\"> (<span class=\"cbp-filter-counter\"><\/span> items)<\/span><\/div>\n<div data-filter=\".print\" class=\"cbp-filter-item\">Print  <span class=\"cbp-filter-counter-wrap\"> (<span class=\"cbp-filter-counter\"><\/span> items)<\/span><\/div>\n<div data-filter=\".web-design\" class=\"cbp-filter-item\">Web Design  <span class=\"cbp-filter-counter-wrap\"> (<span class=\"cbp-filter-counter\"><\/span> items)<\/span><\/div>\n<div data-filter=\".graphic\" class=\"cbp-filter-item\">Graphic<span class=\"cbp-filter-counter-wrap\"> (<span class=\"cbp-filter-counter\"><\/span> items)<\/span><\/div>\n<div data-filter=\".appdesign\" class=\"cbp-filter-item\">App Design<span class=\"cbp-filter-counter-wrap\"> (<span class=\"cbp-filter-counter\"><\/span> items)<\/span><\/div>\n<\/div><\/div>","googlefonts":"[{\"name\":\"Open Sans\",\"slug\":\"Open+Sans\",\"weightStyle\":\"700normal,400normal,NaN\"}]","popup":"[{\"link\":\"{{home_url}}\/cubeportfolio\/designer-desk-2\/\",\"html\":\"\",\"type\":\"cbp-singlePageInline\"},{\"link\":\"{{home_url}}\/cubeportfolio\/come-home-2\/\",\"html\":\"\",\"type\":\"cbp-singlePageInline\"},{\"link\":\"{{home_url}}\/cubeportfolio\/modern-desk-2\/\",\"html\":\"\",\"type\":\"cbp-singlePageInline\"},{\"link\":\"{{home_url}}\/cubeportfolio\/back-to-school-2\/ \",\"html\":\"\",\"type\":\"cbp-singlePageInline\"},{\"link\":\"{{home_url}}\/cubeportfolio\/product-mockup\/\",\"html\":\"\",\"type\":\"cbp-singlePageInline\"},{\"link\":\"{{home_url}}\/cubeportfolio\/music-2\/\",\"html\":\"\",\"type\":\"cbp-singlePageInline\"}]"},{"id":"5","active":"1","name":"masonry ","type":"masonry","customcss":"{\"wrapcss\":\"#cbpw-wrap5 {margin:40px 0px 40px 0px;}\",\"gridcss\":\"#cbpw-grid5 .cbp-item {width:300px;}#cbpw-grid5 .cbp-item-height-1 {height:267px;}#cbpw-grid5 .cbp-item-height-2 {height:415px;}#cbpw-grid5 .cbp-l-caption-title {color:#fff;background-color:transparent;font-size:16px;font-family:Open Sans;font-weight:700;font-style:normal;line-height:18px;text-align:center;padding:5px 0px 0px 0px;margin:0px 0px 5px 0px;text-transform:none;}#cbpw-grid5 .cbp-l-caption-desc {color:#696969;background-color:transparent;font-size:11px;font-family:Open Sans;font-weight:400;font-style:normal;line-height:16px;text-align:center;padding:0px 0px 0px 0px;margin:0px 0px 0px 0px;text-transform:none;}#cbpw-grid5 .cbp-caption-activeWrap {background-color:#212121;}\",\"filterscss\":\"\",\"loadMorecss\":\"#cbpw-loadMore5 .cbp-l-loadMore-button-link {color:#7E7B7B;background-color:transparent;border-width:2px 2px 2px 2px;border-style:solid;border-color:#DEDEDE;border-radius:2px;font-size:11px;font-family:Open Sans;font-weight:400;font-style:normal;line-height:34px;text-align:center;padding:0px 20px 0px 20px;margin:30px 0px 0px 0px;text-transform:none;}#cbpw-loadMore5 .cbp-l-loadMore-button-link:hover {color:#B0B0B0;background-color:transparent;border-width:2px 2px 2px 2px;border-style:solid;border-color:#DEDEDE;border-radius:2px;font-size:11px;font-family:Open Sans;font-weight:400;font-style:normal;line-height:34px;text-align:center;padding:0px 20px 0px 20px;margin:30px 0px 0px 0px;text-transform:none;}#cbpw-loadMore5 .cbp-l-loadMore-button-loading {color:#7E7B7B;background-color:transparent;border-width:2px 2px 2px 2px;border-style:solid;border-color:#DEDEDE;border-radius:2px;font-size:11px;font-family:Open Sans;font-weight:400;font-style:normal;line-height:34px;text-align:center;padding:0px 20px 0px 20px;margin:30px 0px 0px 0px;text-transform:none;}#cbpw-loadMore5 .cbp-l-loadMore-button-loading:hover {color:#7E7B7B;background-color:transparent;border-width:2px 2px 2px 2px;border-style:solid;border-color:#DEDEDE;border-radius:2px;font-size:11px;font-family:Open Sans;font-weight:400;font-style:normal;line-height:34px;text-align:center;padding:0px 20px 0px 20px;margin:30px 0px 0px 0px;text-transform:none;}#cbpw-loadMore5 .cbp-l-loadMore-button-stop {color:#B0B0B0;background-color:transparent;border-width:2px 2px 2px 2px;border-style:solid;border-color:#DEDEDE;border-radius:2px;font-size:11px;font-family:Open Sans;font-weight:400;font-style:normal;line-height:34px;text-align:center;padding:0px 20px 0px 20px;margin:30px 0px 0px 0px;text-transform:none;}#cbpw-loadMore5 .cbp-l-loadMore-button-stop:hover {color:#B0B0B0;background-color:transparent;border-width:2px 2px 2px 2px;border-style:solid;border-color:#DEDEDE;border-radius:2px;font-size:11px;font-family:Open Sans;font-weight:400;font-style:normal;line-height:34px;text-align:center;padding:0px 20px 0px 20px;margin:30px 0px 0px 0px;text-transform:none;}\",\"singlePagecss\":\"#cbpw-singlePage5 .cbp-popup-navigation-wrap {background-color:#34425C;}#cbpw-singlePage5 .cbp-popup-singlePage-counter {color:#bbc0df;font-size:13px;font-family:Open Sans;}\"}","options":"{\"defaultFilter\":\"*\",\"filterDeeplinking\":false,\"animationType\":\"slideDelay\",\"gridAdjustment\":\"responsive\",\"gapHorizontal\":10,\"gapVertical\":10,\"caption\":\"overlayBottomPush\",\"displayType\":\"bottomToTop\",\"displayTypeSpeed\":100,\"lightboxDelegate\":\".cbp-lightbox\",\"lightboxGallery\":true,\"lightboxTitleSrc\":\"data-title\",\"lightboxCounter\":\"<div class=\\\"cbp-popup-lightbox-counter\\\">{{current}} of {{total}}<\/div>\",\"singlePageDelegate\":\".cbp-singlePage\",\"singlePageDeeplinking\":true,\"singlePageStickyNavigation\":true,\"singlePageCounter\":\"<div class=\\\"cbp-popup-singlePage-counter\\\">{{current}} of {{total}}<\/div>\",\"singlePageAnimation\":\"left\",\"singlePageInlineDelegate\":\".cbp-singlePageInline\",\"singlePageInlinePosition\":\"above\",\"singlePageInlineInFocus\":true,\"lightboxShowCounter\":true,\"singlePageShowCounter\":true,\"singlePageInlineShowCounter\":true,\"displayItemsLoadMore\":3}","loadMorehtml":"","template":"<div id=\"cbpw-wrap5\"><div id=\"cbpw-grid5\" class=\"cbp-l-grid-masonry\"><div>{{gridContent}}<\/div><\/div><\/div>","filtershtml":"","googlefonts":"[{\"name\":\"Open Sans\",\"slug\":\"Open+Sans\",\"weightStyle\":\"700normal,400normal,NaN\"}]","popup":"[]"}],"settings":{"preload":["onPostsPage","onHomePage","onAllPages"]}}