{"last_tab":"0","logo":{"url":"http:\/\/www.uxqode.com\/themes\/dikka\/architecture\/wp-content\/uploads\/sites\/13\/2015\/01\/logo-dark.png","id":"45","height":"27","width":"83","thumbnail":"http:\/\/www.uxqode.com\/themes\/dikka\/architecture\/wp-content\/uploads\/sites\/13\/2015\/01\/logo-dark.png"},"retinalogo":{"url":"http:\/\/www.uxqode.com\/themes\/dikka\/architecture\/wp-content\/uploads\/sites\/13\/2015\/01\/logo-retina-footer.png","id":"44","height":"54","width":"166","thumbnail":"http:\/\/www.uxqode.com\/themes\/dikka\/architecture\/wp-content\/uploads\/sites\/13\/2015\/01\/logo-retina-footer-150x54.png"},"blog_title":"0","preloader":"1","preloader-type":"logo","preloader-logo":{"url":"http:\/\/www.uxqode.com\/themes\/dikka\/agency\/wp-content\/uploads\/sites\/3\/2014\/11\/logo-dark.png","id":"748","height":"27","width":"83","thumbnail":"http:\/\/www.uxqode.com\/themes\/dikka\/agency\/wp-content\/uploads\/sites\/3\/2014\/11\/logo-dark.png"},"preloader-retinalogo":{"url":"http:\/\/www.uxqode.com\/themes\/dikka\/agency\/wp-content\/uploads\/sites\/3\/2014\/11\/logo-retina-footer.png","id":"1281","height":"54","width":"166","thumbnail":"http:\/\/www.uxqode.com\/themes\/dikka\/agency\/wp-content\/uploads\/sites\/3\/2014\/11\/logo-retina-footer-150x54.png"},"preloader-image":"1","preloader-title":"0","favicon":{"url":"http:\/\/www.uxqode.com\/themes\/dikka\/agency\/wp-content\/uploads\/sites\/3\/2014\/12\/favicon.png","id":"1454","height":"16","width":"16","thumbnail":"http:\/\/www.uxqode.com\/themes\/dikka\/agency\/wp-content\/uploads\/sites\/3\/2014\/12\/favicon.png"},"article_author":"1","article_related":"1","menu-style":"tLight","menu-hide":"0","search":"0","cart":"0","topbar":"0","topbar-socialicons":"0","topbar-email":"info@uxqode.com","topbar-phone":"+9779808593121","topbar-text":"Simple text here","topbar-background":"#110503","topbar-background-opacity":"10","topbar-textcolor":"#ffffff","footer-logo":{"url":"http:\/\/www.uxqode.com\/themes\/dikka\/agency\/wp-content\/uploads\/sites\/3\/2014\/11\/logo-dark.png","id":"748","height":"27","width":"83","thumbnail":"http:\/\/www.uxqode.com\/themes\/dikka\/agency\/wp-content\/uploads\/sites\/3\/2014\/11\/logo-dark.png"},"footer-retinalogo":{"url":"http:\/\/www.uxqode.com\/themes\/dikka\/agency\/wp-content\/uploads\/sites\/3\/2014\/11\/logo-retina-footer.png","id":"1281","height":"54","width":"166","thumbnail":"http:\/\/www.uxqode.com\/themes\/dikka\/agency\/wp-content\/uploads\/sites\/3\/2014\/11\/logo-retina-footer-150x54.png"},"footer-email":"geral@dikkatheme.com","footer-phone":"(+243) 433 671 685","footer_text":"\u00a9 UX-Qode\u00a02014","footer-social":"1","footer-style2":"1","footer-layout":"6","footer-on":"1","secondfooter-on":"0","css_style":"red","custom_color":"","background":{"background-color":"","background-repeat":"","background-size":"","background-attachment":"","background-position":"","background-image":"","media":{"id":"","height":"","width":"","thumbnail":""}},"background-footer":{"background-color":"#131313","background-repeat":"","background-size":"","background-attachment":"","background-position":"","background-image":"","media":{"id":"","height":"","width":"","thumbnail":""}},"link-color":{"regular":"#aaa","hover":"#bbb","active":"#ccc"},"typography-body":{"font-family":"Open Sans","font-options":"","google":"1","font-weight":"400","font-style":"","subsets":"latin-ext","text-align":"left","font-size":"14px","line-height":"24px","color":"#676767"},"typography-menu":{"font-family":"Open Sans","font-options":"","google":"1","font-weight":"","font-style":"","subsets":"latin-ext","text-align":"","font-size":"15px","line-height":"15px","color":""},"typography-h1":{"font-family":"Raleway","font-options":"","google":"1","font-weight":"800","font-style":"","subsets":"latin","text-align":"","font-size":"60px","line-height":"60px","color":"#383838"},"typography-h2":{"font-family":"Open Sans","font-options":"","google":"1","font-weight":"300","font-style":"","subsets":"latin-ext","text-align":"","font-size":"34px","line-height":"45px","color":"#383838"},"typography-h3":{"font-family":"Open Sans","font-options":"","google":"1","font-weight":"700","font-style":"","subsets":"latin-ext","text-align":"left","font-size":"25px","line-height":"40px","color":"#383839"},"typography-h4":{"font-family":"Open Sans","font-options":"","google":"true","font-weight":"700","font-style":"","subsets":"latin-ext","text-align":"left","font-size":"22px","line-height":"60px","color":"#d66060"},"typography-h5":{"font-family":"Open Sans","font-options":"","google":"1","font-weight":"600","font-style":"","subsets":"latin-ext","text-align":"","font-size":"17px","line-height":"28px","color":"#232222"},"typography-h6":{"font-family":"Open Sans","font-options":"","google":"1","font-weight":"300","font-style":"","subsets":"latin-ext","text-align":"","font-size":"15px","line-height":"15px","color":""},"ptitle-typo":{"font-family":"Open Sans","font-options":"","google":"1","font-weight":"700","font-style":"","subsets":"latin-ext","text-align":"center","font-size":"60px","line-height":"32px","color":"#f4f4f4"},"ptitle-align":"center","ptitle-line":"1","ptitle-topmargin":"80","ptitle-bottommargin":"40","ptitle-back":{"background-color":"#1d1d1d","background-repeat":"","background-size":"contain","background-attachment":"fixed","background-position":"","background-image":"http:\/\/www.uxqode.com\/themes\/dikka\/architecture\/wp-content\/uploads\/sites\/13\/2015\/01\/blog.jpg","media":{"id":"1402","height":"898","width":"1688","thumbnail":"http:\/\/www.uxqode.com\/themes\/dikka\/architecture\/wp-content\/uploads\/sites\/13\/2015\/01\/blog-150x150.jpg"}},"ptitle-parallax":"1","social_facebook":"http:\/\/facebook.com","social_twitter":"http:\/\/facebook.com","social_googlep":"http:\/\/facebook.com","social_linkedin":"http:\/\/facebook.com","social_pinterest":"http:\/\/facebook.com","social_skype":"","social_dribbble":"","social_tumblr":"","social_youtube":"","social_vimeo":"","twitter_username":"uxqode","twitter_consumer_key":"Wo2lugdq7s39skM1WIvgFA","twitter_secret_key":"FBk9nj4ljZHjQYIbv4TZ0I61OJrnqqm1r4KvysqxQ","twitter_token":"360701073-1yVHoo0Q6kz96lOvdvSKgIJLXGYOhlRJywGzuBz8","twitter_token_secret":"qKcZApXUuiq7UwqGxEgOHQluEuslkuto61IQIQv7k","twitter_number":"5","meta_javascript":"","meta_head":"","meta_author":"","meta_desc":"","meta_keyword":"","extra-css":"                        \/* Architecture Demo *\/\r\n.navbar-default .navbar-nav > li > a{\r\n    text-transform: capitalize;\r\n}\r\n.navbar-default.default.tLight ul > li > ul > li > a{\r\n    text-transform: capitalize;\r\n    font-size: 1em !important;\r\n    opacity:1;\r\n}\r\n.tp-button{\r\n    -webkit-border-radius: 25px;\r\n    -moz-border-radius: 25px;\r\n    border-radius: 25px;\r\n}\r\n.sow-icon-elegantline{\r\n    margin-bottom: 5px !important;\r\n}\r\n.numerical-container .value{\r\n    font-weight: 700;\r\n}\r\n.numerical-container .numerical-content{\r\n    color: #A1A1A1;\r\n}                    ","redux-backup":"1"}