{"last_tab":"2","logo":{"url":"http:\/\/www.uxqode.com\/themes\/dikka\/agency\/wp-content\/uploads\/sites\/3\/2014\/11\/logo.png","id":"701","height":"27","width":"83","thumbnail":"http:\/\/www.uxqode.com\/themes\/dikka\/agency\/wp-content\/uploads\/sites\/3\/2014\/11\/logo.png"},"retinalogo":{"url":"http:\/\/www.uxqode.com\/themes\/dikka\/agency\/wp-content\/uploads\/sites\/3\/2014\/11\/logo-retina.png","id":"1280","height":"54","width":"166","thumbnail":"http:\/\/www.uxqode.com\/themes\/dikka\/agency\/wp-content\/uploads\/sites\/3\/2014\/11\/logo-retina-150x54.png"},"blog_title":"0","preloader":"0","preloader-type":"","preloader-logo":{"url":"http:\/\/www.uxqode.com\/themes\/dikka\/agency\/wp-content\/uploads\/sites\/3\/2014\/11\/logo-dark.png","id":"748","height":"27","width":"83","thumbnail":"http:\/\/www.uxqode.com\/themes\/dikka\/agency\/wp-content\/uploads\/sites\/3\/2014\/11\/logo-dark.png"},"preloader-retinalogo":{"url":"http:\/\/www.uxqode.com\/themes\/dikka\/agency\/wp-content\/uploads\/sites\/3\/2014\/11\/logo-retina-footer.png","id":"1281","height":"54","width":"166","thumbnail":"http:\/\/www.uxqode.com\/themes\/dikka\/agency\/wp-content\/uploads\/sites\/3\/2014\/11\/logo-retina-footer-150x54.png"},"preloader-image":"0","preloader-title":"0","favicon":{"url":"http:\/\/www.uxqode.com\/themes\/dikka\/agency\/wp-content\/uploads\/sites\/3\/2014\/12\/favicon.png","id":"1454","height":"16","width":"16","thumbnail":"http:\/\/www.uxqode.com\/themes\/dikka\/agency\/wp-content\/uploads\/sites\/3\/2014\/12\/favicon.png"},"article_author":"1","article_related":"1","menu-style":"tdark","search":"1","cart":"1","topbar":"0","topbar-socialicons":"1","topbar-email":"info@uxqode.com","topbar-phone":"+9779808593121","topbar-text":"Simple text here","topbar-background":"#110503","topbar-background-opacity":"50","topbar-textcolor":"#ffffff","footer-logo":{"url":"http:\/\/www.uxqode.com\/themes\/dikka\/agency\/wp-content\/uploads\/sites\/3\/2014\/11\/logo-dark.png","id":"748","height":"27","width":"83","thumbnail":"http:\/\/www.uxqode.com\/themes\/dikka\/agency\/wp-content\/uploads\/sites\/3\/2014\/11\/logo-dark.png"},"footer-retinalogo":{"url":"http:\/\/www.uxqode.com\/themes\/dikka\/agency\/wp-content\/uploads\/sites\/3\/2014\/11\/logo-retina-footer.png","id":"1281","height":"54","width":"166","thumbnail":"http:\/\/www.uxqode.com\/themes\/dikka\/agency\/wp-content\/uploads\/sites\/3\/2014\/11\/logo-retina-footer-150x54.png"},"footer-email":"geral@dikkatheme.com","footer-phone":"(+243) 433 671 685","footer_text":"\u00a9 UX-Qode\u00a02014","footer-social":"1","footer-style2":"1","footer-layout":"2","footer-on":"1","secondfooter-on":"1","css_style":"red","custom_color":"","background":{"background-color":"","background-repeat":"","background-size":"","background-attachment":"","background-position":"","background-image":"","media":{"id":"","height":"","width":"","thumbnail":""}},"background-footer":{"background-color":"#131313","background-repeat":"","background-size":"","background-attachment":"","background-position":"","background-image":"","media":{"id":"","height":"","width":"","thumbnail":""}},"link-color":{"regular":"#aaa","hover":"#bbb","active":"#ccc"},"typography-body":{"font-family":"Open Sans","font-options":"","google":"1","font-weight":"400","font-style":"","subsets":"latin-ext","text-align":"left","font-size":"14px","line-height":"24px","color":"#676767"},"typography-menu":{"font-family":"Ubuntu","font-options":"","google":"1","font-weight":"500","font-style":"","subsets":"latin-ext","text-align":"","font-size":"13px","line-height":"13px","color":""},"typography-h1":{"font-family":"Open Sans","font-options":"","google":"1","font-weight":"800","font-style":"","subsets":"latin-ext","text-align":"","font-size":"32px","line-height":"32px","color":"#383838"},"typography-h2":{"font-family":"Open Sans","font-options":"","google":"1","font-weight":"800","font-style":"","subsets":"latin-ext","text-align":"","font-size":"30px","line-height":"45px","color":"#383838"},"typography-h3":{"font-family":"Open Sans","font-options":"","google":"1","font-weight":"700","font-style":"","subsets":"latin-ext","text-align":"left","font-size":"25px","line-height":"40px","color":"#444444"},"typography-h4":{"font-family":"Open Sans","font-options":"","google":"1","font-weight":"600","font-style":"","subsets":"latin-ext","text-align":"left","font-size":"18px","line-height":"30px","color":"#444444"},"typography-h5":{"font-family":"Open Sans","font-options":"","google":"1","font-weight":"300","font-style":"","subsets":"latin-ext","text-align":"","font-size":"16px","line-height":"16px","color":""},"typography-h6":{"font-family":"Open Sans","font-options":"","google":"1","font-weight":"300","font-style":"","subsets":"latin-ext","text-align":"","font-size":"15px","line-height":"15px","color":""},"ptitle-typo":{"font-family":"Open Sans","font-options":"","google":"1","font-weight":"700","font-style":"","subsets":"latin-ext","text-align":"","font-size":"28px","line-height":"32px","color":"#f4f4f4"},"ptitle-align":"left","ptitle-line":"1","ptitle-topmargin":"80","ptitle-bottommargin":"40","ptitle-back":{"background-color":"#1d1d1d","background-repeat":"","background-size":"contain","background-attachment":"fixed","background-position":"","background-image":"","media":{"id":"","height":"","width":"","thumbnail":"http:\/\/www.uxqode.com\/themes\/dikka\/agency\/wp-content\/uploads\/sites\/3\/revslider\/home-slider\/slide3-150x150.jpg"}},"ptitle-parallax":"0","social_facebook":"http:\/\/facebook.com","social_twitter":"http:\/\/facebook.com","social_googlep":"http:\/\/facebook.com","social_linkedin":"http:\/\/facebook.com","social_pinterest":"http:\/\/facebook.com","social_skype":"","social_dribbble":"","social_tumblr":"","social_youtube":"","social_vimeo":"","twitter_username":"uxqode","twitter_consumer_key":"Wo2lugdq7s39skM1WIvgFA","twitter_secret_key":"FBk9nj4ljZHjQYIbv4TZ0I61OJrnqqm1r4KvysqxQ","twitter_token":"360701073-1yVHoo0Q6kz96lOvdvSKgIJLXGYOhlRJywGzuBz8","twitter_token_secret":"qKcZApXUuiq7UwqGxEgOHQluEuslkuto61IQIQv7k","twitter_number":"5","meta_javascript":"","meta_head":"","meta_author":"","meta_desc":"","meta_keyword":"","extra-css":"                                            ","redux-backup":"1"}