{"cbp_items":[{"id":"152","cubeportfolio_id":"1","sort":"1","page":"1","items":"<div class=\"cbp-item logo \"><div class=\"cbp-caption\"><div class=\"cbp-caption-defaultWrap\"><img src=\"\" alt=\"\" width=\"100%\"><\/div><div class=\"cbp-caption-activeWrap\"><div class=\"cbp-l-caption-alignCenter\"><div class=\"cbp-l-caption-body\"><a href=\"\" class=\"cbp-singlePage cbp-l-caption-buttonLeft\" data-cbp-selector=\"cbp-post\">more info<\/a><a href=\"http:\/\/scriptpie.com\/cubeportfolio\/wordpress\/wp-content\/uploads\/2014\/08\/38big.jpg\" class=\"cbp-lightbox cbp-l-caption-buttonRight\" data-title=\"Shopping Gallery<br>by Tiberiu Neamu\">view larger<\/a><\/div><\/div><\/div><\/div><div class=\"cbp-l-grid-projects-title\">Shopping Gallery<\/div><div class=\"cbp-l-grid-projects-desc\">Graphic \/ Logo<\/div><\/div>","isLoadMore":"1","isSinglePage":""},{"id":"162","cubeportfolio_id":"1","sort":"2","page":"1","items":"<div class=\"cbp-item identity web-design \"><div class=\"cbp-caption\"><div class=\"cbp-caption-defaultWrap\"><img src=\"\" alt=\"\" width=\"100%\"><\/div><div class=\"cbp-caption-activeWrap\"><div class=\"cbp-l-caption-alignCenter\"><div class=\"cbp-l-caption-body\"><a href=\" {{home_url}}\/cubeportfolio\/timezone-mgmt\" class=\"cbp-singlePage cbp-l-caption-buttonLeft\" data-title=\"Caption Data Title 1\" data-cbp-selector=\"cbp-post\">more info<\/a><a href=\"http:\/\/scriptpie.com\/cubeportfolio\/wordpress\/wp-content\/uploads\/2014\/08\/25big.jpg\" class=\"cbp-lightbox cbp-l-caption-buttonRight\" data-title=\"Caption Data Title 2\">view larger<\/a><\/div><\/div><\/div><\/div><div class=\"cbp-l-grid-projects-title\">Timezone Mgmt<\/div><div class=\"cbp-l-grid-projects-desc\">Identity \/ Web Design<\/div><\/div>","isLoadMore":"1","isSinglePage":""},{"id":"604","cubeportfolio_id":"1","sort":"4","page":"1","items":"<div class=\"cbp-item identity web-design cbp-item-height-7\"><div class=\"cbp-caption\"><div class=\"cbp-caption-defaultWrap\"><img src=\"{{post_id 1355}}\" alt=\"\"><\/div><div class=\"cbp-caption-activeWrap\"><div class=\"cbp-l-caption-alignCenter\"><div class=\"cbp-l-caption-body\"><a href=\"{{post_id 1355}}\" class=\"cbp-lightbox cbp-l-caption-buttonRight\">view larger<\/a><\/div><\/div><\/div><\/div><\/div>","isLoadMore":"0","isSinglePage":""},{"id":"602","cubeportfolio_id":"1","sort":"2","page":"1","items":"<div class=\"cbp-item identity web-design cbp-item-height-7\"><div class=\"cbp-caption\"><div class=\"cbp-caption-defaultWrap\"><img src=\"{{post_id 1353}}\" alt=\"\"><\/div><div class=\"cbp-caption-activeWrap\"><div class=\"cbp-l-caption-alignCenter\"><div class=\"cbp-l-caption-body\"><a href=\"{{post_id 1353}}\" class=\"cbp-lightbox cbp-l-caption-buttonRight\">view larger<\/a><\/div><\/div><\/div><\/div><\/div>","isLoadMore":"0","isSinglePage":""},{"id":"490","cubeportfolio_id":"1","sort":"1","page":"1","items":"<div class=\"cbp-item identity web-design cbp-item-height-7\"><div class=\"cbp-caption\"><div class=\"cbp-caption-defaultWrap\"><img src=\"{{post_id 1354}}\" alt=\"\"><\/div><div class=\"cbp-caption-activeWrap\"><div class=\"cbp-l-caption-alignCenter\"><div class=\"cbp-l-caption-body\"><a href=\"{{post_id 1354}}\" class=\"cbp-lightbox cbp-l-caption-buttonRight\">view larger<\/a><\/div><\/div><\/div><\/div><\/div>","isLoadMore":"0","isSinglePage":""},{"id":"603","cubeportfolio_id":"1","sort":"3","page":"1","items":"<div class=\"cbp-item identity web-design cbp-item-height-7\"><div class=\"cbp-caption\"><div class=\"cbp-caption-defaultWrap\"><img src=\"{{post_id 1356}}\" alt=\"\"><\/div><div class=\"cbp-caption-activeWrap\"><div class=\"cbp-l-caption-alignCenter\"><div class=\"cbp-l-caption-body\"><a href=\"{{post_id 1356}}\" class=\"cbp-lightbox cbp-l-caption-buttonRight\">view larger<\/a><\/div><\/div><\/div><\/div><\/div>","isLoadMore":"0","isSinglePage":""},{"id":"170","cubeportfolio_id":"1","sort":"3","page":"1","items":"<div class=\"cbp-item identity web-design \"><div class=\"cbp-caption\"><div class=\"cbp-caption-defaultWrap\"><img src=\"\" alt=\"\" width=\"100%\"><\/div><div class=\"cbp-caption-activeWrap\"><div class=\"cbp-l-caption-alignCenter\"><div class=\"cbp-l-caption-body\"><a href=\"\" class=\"cbp-singlePage cbp-l-caption-buttonLeft\" data-title=\"Caption Data Title 1\" data-cbp-selector=\"cbp-post\">more info<\/a><a href=\"http:\/\/scriptpie.com\/cubeportfolio\/wordpress\/wp-content\/uploads\/2014\/08\/39big.jpg\" class=\"cbp-lightbox cbp-l-caption-buttonRight\" data-title=\"by Cosmin Capitanu\">view larger<\/a><\/div><\/div><\/div><\/div><div class=\"cbp-l-grid-projects-title\">Generic Apps<\/div><div class=\"cbp-l-grid-projects-desc\">Identity \/ Logo<\/div><\/div>","isLoadMore":"1","isSinglePage":""},{"id":"173","cubeportfolio_id":"1","sort":"4","page":"1","items":"<div class=\"cbp-item identity web-design \"><div class=\"cbp-caption\"><div class=\"cbp-caption-defaultWrap\"><img src=\"\" alt=\"\" width=\"100%\"><\/div><div class=\"cbp-caption-activeWrap\"><div class=\"cbp-l-caption-alignCenter\"><div class=\"cbp-l-caption-body\"><a href=\"\" class=\"cbp-singlePage cbp-l-caption-buttonLeft\" data-title=\"Caption Data Title 1\" data-cbp-selector=\"cbp-post\">more info<\/a><a href=\"http:\/\/vimeo.com\/877053\" class=\"cbp-lightbox cbp-l-caption-buttonRight\" data-title=\"by Cosmin Capitanu\">view video<\/a><\/div><\/div><\/div><\/div><div class=\"cbp-l-grid-projects-title\">Speed Detector<\/div><div class=\"cbp-l-grid-projects-desc\">Graphic \/ Web Design<\/div><\/div>","isLoadMore":"1","isSinglePage":""},{"id":"174","cubeportfolio_id":"1","sort":"5","page":"1","items":"<div class=\"cbp-item identity web-design \"><div class=\"cbp-caption\"><div class=\"cbp-caption-defaultWrap\"><img src=\"\" alt=\"\" width=\"100%\"><\/div><div class=\"cbp-caption-activeWrap\"><div class=\"cbp-l-caption-alignCenter\"><div class=\"cbp-l-caption-body\"><a href=\"\" class=\"cbp-singlePage cbp-l-caption-buttonLeft\" data-title=\"Caption Data Title 1\" data-cbp-selector=\"cbp-post\">more info<\/a><a href=\"http:\/\/scriptpie.com\/cubeportfolio\/wordpress\/wp-content\/uploads\/2014\/08\/43big.jpg\" class=\"cbp-lightbox cbp-l-caption-buttonRight\" data-title=\"by Cosmin Capitanu\">view larger<\/a><\/div><\/div><\/div><\/div><div class=\"cbp-l-grid-projects-title\">Archiview<\/div><div class=\"cbp-l-grid-projects-desc\">Graphic \/ Logo<\/div><\/div>","isLoadMore":"1","isSinglePage":""}],"cbp":[{"id":"1","active":"1","name":"screenshots-home","type":"juicy-projects","customcss":"{\"wrapcss\":\"#cbpw-wrap1 {margin:0px 0px 0px 0px;}\",\"gridcss\":\"#cbpw-grid1 .cbp-item {width:250px;height:250px;}#cbpw-grid1 .cbp-item-height-1 {height:260px;}#cbpw-grid1 .cbp-item-height-2 {height:270px;}#cbpw-grid1 .cbp-item-height-3 {height:280px;}#cbpw-grid1 .cbp-item-height-4 {height:290px;}#cbpw-grid1 .cbp-l-grid-projects-title {color:#474747;background-color:transparent;font-size:14px;font-family:Open Sans;font-weight:700;font-style:normal;line-height:normal;text-align:left;padding:0px 0px 0px 0px;margin:0px 0px 0px 0px;text-transform:none;}#cbpw-grid1 .cbp-l-grid-projects-desc {color:#888888;background-color:transparent;font-size:12px;font-family:Open Sans;font-weight:400;font-style:normal;line-height:normal;text-align:left;padding:0px 0px 0px 0px;margin:6px 0px 0px 0px;text-transform:none;}#cbpw-grid1 .cbp-l-caption-buttonLeft {color:#FFFFFF;background-color:#E45D5D;font-size:12px;font-family:Open Sans;font-weight:400;font-style:normal;line-height:28px;text-align:center;padding:0px 0px 0px 0px;margin:4px 4px 4px 4px;}#cbpw-grid1 .cbp-l-caption-buttonRight {color:#212121;background-color:#FFF;font-size:12px;font-family:Open Sans;font-weight:700;font-style:normal;line-height:28px;text-align:center;padding:5px 10px 5px 10px;margin:4px 4px 4px 4px;text-transform:none;}#cbpw-grid1 .cbp-caption-activeWrap {background-color:#1c1c1c;}#cbpw-grid1 .cbp-item-height-5 {height:400px;}#cbpw-grid1 .cbp-item-height-6 {height:500px;}#cbpw-grid1 .cbp-item-height-7 {height:650px;}#cbpw-grid1 .cbp-item-height-8 {height:450px;}\",\"filterscss\":\"\",\"loadMorecss\":\"#cbpw-loadMore1 .cbp-l-loadMore-button-link {color:#7E7B7B;background-color:transparent;border-width:1px 1px 1px 1px;border-style:solid;border-color:#DEDEDE;border-radius:0px;font-size:11px;font-family:Open Sans;font-weight:400;font-style:normal;line-height:34px;text-align:center;padding:0px 20px 0px 20px;margin:30px 0px 0px 0px;text-transform:none;}#cbpw-loadMore1 .cbp-l-loadMore-button-link:hover {color:#B0B0B0;background-color:transparent;border-width:1px 1px 1px 1px;border-style:solid;border-color:#DEDEDE;border-radius:0px;font-size:11px;font-family:Open Sans;font-weight:400;font-style:normal;line-height:34px;text-align:center;padding:0px 20px 0px 20px;margin:30px 0px 0px 0px;text-transform:none;}#cbpw-loadMore1 .cbp-l-loadMore-button-loading {color:#7E7B7B;background-color:transparent;border-width:1px 1px 1px 1px;border-style:solid;border-color:#DEDEDE;border-radius:0px;font-size:11px;font-family:Open Sans;font-weight:400;font-style:normal;line-height:34px;text-align:center;padding:0px 20px 0px 20px;margin:30px 0px 0px 0px;text-transform:none;}#cbpw-loadMore1 .cbp-l-loadMore-button-loading:hover {color:#7E7B7B;background-color:transparent;border-width:1px 1px 1px 1px;border-style:solid;border-color:#DEDEDE;border-radius:0px;font-size:11px;font-family:Open Sans;font-weight:400;font-style:normal;line-height:34px;text-align:center;padding:0px 20px 0px 20px;margin:30px 0px 0px 0px;text-transform:none;}#cbpw-loadMore1 .cbp-l-loadMore-button-stop {color:#B0B0B0;background-color:transparent;border-width:1px 1px 1px 1px;border-style:solid;border-color:#DEDEDE;border-radius:0px;font-size:11px;font-family:Open Sans;font-weight:400;font-style:normal;line-height:34px;text-align:center;padding:0px 20px 0px 20px;margin:30px 0px 0px 0px;text-transform:none;}#cbpw-loadMore1 .cbp-l-loadMore-button-stop:hover {color:#B0B0B0;background-color:transparent;border-width:1px 1px 1px 1px;border-style:solid;border-color:#DEDEDE;border-radius:0px;font-size:11px;font-family:Open Sans;font-weight:400;font-style:normal;line-height:34px;text-align:center;padding:0px 20px 0px 20px;margin:30px 0px 0px 0px;text-transform:none;}\",\"singlePagecss\":\"#cbpw-singlePage1 .cbp-popup-navigation-wrap {background-color:#2a2a2b;}#cbpw-singlePage1 .cbp-popup-singlePage-counter {color:#ffffff;font-size:13px;font-family:Open Sans;}\"}","options":"{\"defaultFilter\":\"*\",\"filterDeeplinking\":false,\"animationType\":\"flipOut\",\"gridAdjustment\":\"responsive\",\"gapHorizontal\":35,\"gapVertical\":30,\"caption\":\"fadeIn\",\"displayType\":\"lazyLoading\",\"displayTypeSpeed\":100,\"lightboxDelegate\":\".cbp-lightbox\",\"lightboxGallery\":true,\"lightboxTitleSrc\":\"data-title\",\"lightboxCounter\":\"<div class=\\\"cbp-popup-lightbox-counter\\\">{{current}} of {{total}}<\/div>\",\"singlePageDelegate\":\".cbp-singlePage\",\"singlePageDeeplinking\":true,\"singlePageStickyNavigation\":true,\"singlePageCounter\":\"<div class=\\\"cbp-popup-singlePage-counter\\\">{{current}} of {{total}}<\/div>\",\"singlePageAnimation\":\"fade\",\"singlePageInlineDelegate\":\".cbp-singlePageInline\",\"singlePageInlinePosition\":\"above\",\"singlePageInlineInFocus\":true,\"lightboxShowCounter\":true,\"singlePageShowCounter\":true,\"singlePageInlineShowCounter\":true,\"displayItemsLoadMore\":3}","loadMorehtml":"","template":"<div id=\"cbpw-wrap1\"><div id=\"cbpw-grid1\" class=\"cbp-l-grid-projects\"><div>{{gridContent}}<\/div><\/div><\/div>","filtershtml":"","googlefonts":"[{\"name\":\"Open Sans\",\"slug\":\"Open+Sans\",\"weightStyle\":\"700normal,400normal,NaN\"}]","popup":"[]"}],"settings":{"preload":["onPostsPage","onHomePage","onAllPages"]}}